Company Name,Title,Address,Phone,Email,Website,Category,Rating,Reviews Count,Snippet,Lead Score,Lead Status,Lead Source,URL
CSH Pharmacy: Online Pharmacy - Medical Store - Fast ...,CSH Pharmacy: Online Pharmacy - Medical Store - Fast ...,"123 - E-1, Gulberg III, Lahore
+92 305 4441162
info@cshpharmacy.com.pk
www.cshpharmacy.com.pk
FB
IN
YouTube",920700172582,info@cshpharmacy.com.pk,https://cshpharmacy.com.pk/?srsltid=AfmBOopd7wBs416oMv7YoTFbFdwL3HrbfJ3jzd4iNzvYCL34t3dzhmtz,,,,"Trusted Medical Store in Lahore since 2007. Buy Medicines, Vitamins, Baby Milk Powder and more. 24-Hours Open. 50mins Medicine Delivery in Lahore. 2-3 Days ...",85,Hot,Google Search,https://cshpharmacy.com.pk/?srsltid=AfmBOopd7wBs416oMv7YoTFbFdwL3HrbfJ3jzd4iNzvYCL34t3dzhmtz
Online Pharmacy Store Near Me-Medicine Delivery Lahore ...,Online Pharmacy Store Near Me-Medicine Delivery Lahore ...,0 MuiDrawer,3631652943,info@nmp.com.pk,https://nmp.com.pk/,,,,Searching for the best online medical store or pharmacy near me? NMP is the leading medical stores chain for online medicine delivery in Lahore & across ...,85,Hot,Google Search,https://nmp.com.pk/
Chughtai Pharmacy,Chughtai Pharmacy Lahore | Online Medicine Delivery,"Book Home Sample
View Reports
B2B Partnership
Contact Us
آپکی صحت کا نمبر 24/7
03-111-456-789
Patient Login
About
Lab
Radiology
Clinics
Home Nursing Care
Old Age Care
Pharmacy
International Services
Health Cards
Health Profiles",923111456789,info@chughtailab.com,https://chughtailab.com/chughtai-pharmacy/,,,,Chughtai Pharmacy offers expert guidance and online medicine delivery in Lahore. Find a pharmacy near you for free home delivery of quality medicines.,85,Hot,Google Search,https://chughtailab.com/chughtai-pharmacy/
Mahmood Pharmacy: Home,Mahmood Pharmacy: Home,100  Order Deliver Time,924293002401,Info@MahmoodPharmacy.com.pk,https://mahmoodpharmacy.com.pk/?srsltid=AfmBOoqiHg3mXnaXftVD4D4OlLW0NNpY22E52aQv7qx6VuEGrgMpXwaJ,,,,"Mahmood pharmacy is a trusted name by ministry of health well known consultants, general practitioners and various well known organizations most important by ...",85,Hot,Google Search,https://mahmoodpharmacy.com.pk/?srsltid=AfmBOoqiHg3mXnaXftVD4D4OlLW0NNpY22E52aQv7qx6VuEGrgMpXwaJ
Valid Drug Sale Licensed Outlets in Punjab,Valid Drug Sale Licensed Outlets in Punjab,2 topLabel,6358277738,,https://cdsl.pshealthpunjab.gov.pk/src/LicensedOutletList.aspx?ctl00_ContentPlaceHolder1_RadGrid1ChangePage=410_50,,,,"Valid Drug Sale Licensed Outlets in Punjab ; LAHORE, Wagah Town, M/S New Farhan Pharmacy ; LAHORE, Wagah Town, M/S Pharma Keia Medical Store ; LAHORE, Wagah Town ...",60,Warm,Google Search,https://cdsl.pshealthpunjab.gov.pk/src/LicensedOutletList.aspx?ctl00_ContentPlaceHolder1_RadGrid1ChangePage=410_50
24/7 Support,Khalid Pharmacy: Online Pharmacy Store in Lahore,20 products,923347672108,info@khalidpharmacy.com,https://khalidpharmacy.com/,SELECT CATEGORY,,,Buy Medicines Online in Lahore with Fast Delivery from Khalid Pharmacy. We are Most Trusted Online Pharmacy Store at Most Affordable Prices.,90,Hot,Google Search,https://khalidpharmacy.com/
DVAGO - Pakistan’S Best Online Pharmacy & Medical Store,Premier Online Pharmacy & Online Medical Store in Pakistan ...,No Address Selected,2584273406,feedback@dvago.pk,https://www.dvago.pk/?srsltid=AfmBOoqNunfPZnpcDMoUioUYqwhHu2Mj77n2n0HN8Nn_ho6THkWdVICo,"Medicine
Baby & Mother Care
Nutritions & Supplements
Foods & Beverages
Devices & Support
Personal Care
OTC And Health Need",,,Buy authentic pharmaceutical & wellness products from Online Pharmacy & Medical Store Online or Find a DVAGO Store near you. Call us to order at 021-11-11-38246,90,Hot,Google Search,https://www.dvago.pk/?srsltid=AfmBOoqNunfPZnpcDMoUioUYqwhHu2Mj77n2n0HN8Nn_ho6THkWdVICo
Outlet in Lahore,Outlet in Lahore,"Careers
Contact Us
News
Branches
Home

Outlet in Lahore
CENTRAL PHARMACY (Franchise of Clinix)
:Address
153, Main Multan Road, near Shahnoor studios, Allama Iqbal Town, Lahore
:Phone
04237809519
:Email
central@clinix.com.pk
:Closing Time
02:00
:Opening Time
07:00
WAHDAT BRANCH PHARMACY (Franchise of Clinix)
:Address
Plot # 8, Alfalah Shopping Center, Wahdat Road, Lahore
:Phone
04235912797, 04235912798
:Email
wahdatbranch@clinix.com.pk
:Closing Time
02:00
:Opening Time
07:00
CHAUBURJI PHARMACY (Franchise of Clinix)
:Address
S-3, Iftikhar Building, Chowk Chauburji, Lahore
:Phone
04237125050
:Email
chauburji@clinix.com.pk
:Closing Time
02:00
:Opening Time
07:00
JINNAH PHARMACY (Franchise of Clinix)
:Address
518-A, Opp. Jinnah Hospital, Faisal Town, Lahore
:Phone
04235177772 , 04235178444
:Email
jinnah@clinix.com.pk
24/7:Timings
SHALAMAR LINK PHARMACY (Franchise of Clinix)
:Address
21-C, Shalamar Link Road, Opp. Shalamar Hospital, Mughalpura, Lahore
:Phone
04236848000, 04236848001
:Email
shalamarlink@clinix.com.pk
24/7:Timings
GARHI SHAHU PHARMACY (Franchise of Clinix)
:Address
SE-II/R, Dewrand Road, Taj Cinema Chowk, Garhi Shahu, Lahore
:Phone
04236375433, 04236375434
:Email
garhishahu@clinix.com.pk
:Closing Time
02:00
:Opening Time
07:00
AKBAR CHOWK PHARMACY (Franchise of Clinix)
:Address
852-D-F, Faisal Town, Lahore
:Phone
04235173535, 04235221739
:Email
akbarchowk@clinix.com.pk
:Closing Time
02:00
:Opening Time
07:00
SIMS PHARMACY (Franchise of Clinix)
:Address
85-D, Opp. Services Hospital, Jail Road, Lahore
:Phone
04235408355, 04235408359
:Email
sims@clinix.com.pk
24/7:Timings
NAWAB TOWN PHARMACY (Franchise of Clinix)
:Address
Plot # 1, Block-C, Nawab Town, 1-Km, Raiwind Road, Lahore
:Phone
04235316177, 04235316188
:Email
nawabtown@clinix.com.pk
:Closing Time
02:00
:Opening Time
07:00
DEFENCE PHARMACY (Franchise of Clinix)
:Address
290, Q-Block, Ghazi Road, D.H.A. Lahore
:Phone
04235708200, 04235708201
:Email
defence@clinix.com.pk
:Closing Time
02:00
:Opening Time
07:00
JOHAR LINK PHARMACY (Franchise of Clinix)
:Address
50-A, Revenue Society, Shadewal Chowk, Johar Town, Lahore
:Phone
04235188391, 04235188392
:Email
joharlink@clinix.com.pk
:Closing Time
02:00
:Opening Time
07:00
SHAMA PHARMACY (Franchise of Clinix)
:Address
Property # S-86-R-9, Ferozpur Road, Lahore
:Phone
04237425335, 04237425336
:Email
shama@clinix.com.pk
:Closing Time
02:00
:Opening Time
07:00
TOWNS LINK PHARMACY (Franchise of Clinix)
:Address
Property # C-1-A, Pindi Rajpootan, Rohi Nala, Main Peco Road, Lahore
:Phone
04235970173, 04235970042
:Email
townslink@clinix.com.pk
:Closing Time
02:00
:Opening Time
07:00
SHAHDARAH PHARMACY (Franchise of Clinix)
:Address
R-S-B/124, Yasrab Colony, Main GT Road, Near Shahdara Chowk, Lahore
:Phone
04237915551, 04237915552
:Email
shahdarah@clinix.com.pk
:Closing Time
02:00
:Opening Time
07:00
GULSHAN-E-RAVI PHARMACY (Franchise of Clinix)
:Address
33, Urdu Nagar, Main Boulevard, Gulshan-e-Ravi, Lahore
:Phone
04237480472, 04237480473
:Email
gulshaneravi@clinix.com.pk
:Closing Time
02:00
:Opening Time
07:00
G-ONE PHARMACY (Franchise of Clinix)
:Address
2-A, Block-G, Johar Town, Lahore
:Phone
04235240632, 04235311805
:Email
gone@clinix.com.pk
:Closing Time
02:00
:Opening Time
07:00
SHADBAGH PHARMACY (Franchise of Clinix)
:Address
57, Aziz Road, Chowk Nakhuda, Misri Shah, Lahore
:Phone
04237609065, 04237609071
:Email
shadbagh@clinix.com.pk
:Closing Time
02:00
:Opening Time
07:00
SAMANABAD PHARMACY (Franchise of Clinix)
:Address
376, Poonch Road, Samanabad, Lahore
:Phone
04237582436, 042387582437
:Email
samanabad@clinix.com.pk
:Closing Time
02:00
:Opening Time
07:00
AL-REHMAN PHARMACY (Franchise of Clinix)
:Address
Yaseen Building, near Gourmet Bakers, Swami Nagar, Lahore
:Phone
04237102070, 04237102152
:Email
alrehman@clinix.com.pk
:Closing Time
02:00
:Opening Time
07:00
YADGAR PHARMACY (Franchise of Clinix)
:Address
W-38R-303/RH/SHOPS, Opp. Lady Willingdon Hospital, Lahore
:Phone
04237722560, 04237722561
:Email
yadgar@clinix.com.pk
:Closing Time
02:00
:Opening Time
07:00
SANDA PHARMACY (Franchise of Clinix)
:Address
14/A, main Sanda Road, Sanda, Lahore
:Phone
04237171725, 04237171726
:Email
sanda@clinix.com.pk
:Closing Time
02:00
:Opening Time
07:00
LAHORE CITY PHARMACY (Franchise of Clinix)
:Address
3, Outfall Road, near Ghora Hospital, Lahore
:Phone
04237153317, 04237153318
:Email
lahorecity@clinix.com.pk
:Closing Time
02:00
:Opening Time
07:00
CANAL BANK PHARMACY (Franchise of Clinix)
:Address
12, Al-Noor Street, Near Grid Station, Fateh Garh, Lahore
:Phone
04236544440, 04236544441
:Email
canalbank@clinix.com.pk
:Closing Time
2:00
:Opening Time
7:00
HOPE PHARMACY (Franchise of Clinix)
:Address
14, Hunza Block Allama Iqbal Town Lahore
:Phone
04237873269
:Email
hope@clinix.com.pk
:Closing Time
2:00
:Opening Time
7:00
M IQBAL PHARMACY (Franchise of Clinix)
:Address
Allah Wala Plaza, New Canal Bank Road, Taj Bagh, Lahore
:Phone
04237308685
:Email
m.iqbal@clinix.com.pk
:Closing Time
02:00
:Opening Time
07:00
BOULEVARD PHARMACY (Franchise of Clinix)
:Address
Plaza # 9, H-Block, Phase-1, DHA, Lahore
:Phone
04237204488
:Email
boulevard@clinix.com.pk
:Closing Time
02:00
:Opening Time
07:00
HUSSAIN PHARMACY (Franchise of Clinix)
:Address
Property # 58-B, Hussain Chowk, Gulberg-III, Lahore
:Phone
04235779798
:Email
hussain@clinix.com.pk
:Closing Time
02:00
:Opening Time
07:00
GMT PHARMACY (Franchise of Clinix)
:Address
Gajju Matah Metro Bus Station Stop, Near Rohi Nala, Main Ferozpur Road, Lahore
:Phone
04235965396, 04235965397
:Email
gmt@clinix.com.pk
:Closing Time
02:00
:Opening Time
07:00
AVENUE PHARMACY (Franchise of Clinix)
:Address
Allah Hoo Chowk, Khayaban-e-Firdousi, Johar Town, Lahore
:Phone
04232345210
:Email
avenue@clinix.com.pk
:Closing Time
02:00
:Opening Time
07:00
GRAND PHARMACY (Franchise of Clinix)
:Address
Opp. Al-Hafeez Garden, Main G.T. Road, Manawan, Lahore
:Phone
04236523033
:Email
grand@clinix.com.pk
:Closing Time
02:00
:Opening Time
07:00
BAHRIA TOWN PHARMACY (Franchisee of Clinix)
:Address
Sector C , Plaza 2, Talwar Chowk, Bahria Town, Lahore
:Phone
04237890515
:Email
bahria@clinix.com.pk
:Closing Time
02:00
:Opening Time
07:00
SHAHKAM PHARMACY (Franchise of Clinix)
:Address
6-A MOHLANWAL SCHEME, NEAR SHAHKAM CHOWK, JUBILEE TOWN LAHORE
:Phone
042-37813372 0303-4044533
:Email
shahkam@clinix.com.pk
:Closing Time
02:00
:Opening Time
07:00
SABZAZAR PHARMACY (Franchise of Clinix)
:Address
SABZAZAR PHARMACY 111-A BLOCK, SABZAZAR SCHEME MULTAN ROAD, LAHORE
:Phone
042-37496444
:Email
sabzazar@clinix.com.pk
:Closing Time
02:00
:Opening Time
07:00
Home
|
Branches
|
Careers
|
Contact Us
Copyright ©2023 Clinix All Rights Reserved. Powered By Bright-line Solutions.",04237809519,central@clinix.com.pk,https://clinix.com.pk/allBranches/11,,,,"Outlet in Lahore ; CENTRAL PHARMACY (Franchise of Clinix) · 153, Main Multan Road, near Shahnoor studios, Allama Iqbal Town, Lahore · 04237809519 ; WAHDAT BRANCH ...",85,Hot,Google Search,https://clinix.com.pk/allBranches/11
hPharmacy – Buy Medicine at Best Price in Lahore,hPharmacy – Buy Medicine at Best Price in Lahore,"1. Carrefour, Emporium Mall, Lahore",923008448128,Info@hpharmacy.pk,https://hpharmacy.pk/,"All Categories
Baby Food
Baby Oral care
Beauty Care
   Hair and scalp
   Nail and cuticle
   Skin Beauty care
Hair & Skin care
Health Care
   Organic
   Medicines
      Diabetes
      Health Conditions
   Multivitamins
      Pregnancy Care
      Folic Acid Supplements
      Good Vision
      Men’s Health
      Women’s Health
      Immunity Booster
   Ayurvedic Care
   Respiratory
   Dermatological
   Cough
   Cold & Flu
Home Care
Lifestyle & Fitness
Personal Care
   Skin care
   Cleansing products
   Feminine care
   Hair care
   Oral care
   Eye Care
   Ear Care
   Sexual Wellness
Skin Care
   Skin Care Combo
   Anti Aging
   Face Wash
   Moisturiser
Eye Health
Baby Care
Cold & Flu
Baby & Mother Care
Healthcare Devices
Medicines
Health Conditions
Home healthcare
Respiratory
Antibiotic
Anti aging
Home Health
Facial Cleanser / Skincare
Muscle Relaxant + Analgesic
Sexual Wellness
Heart & Brain Health
HEATHCARE DEVICES
Eye Care Medicine
Health & Personal Care
Multivitamins & Minerals
Ear Care Medicine
Women’s Health Care
Moisturizers
Baby & Child Care
Health & Growth Supplements
Baby & Child Nutrition
Health & Immunity Support
Hair & Scalp Care
Hair & Nail Support
Prescription
Eye Care
Hair Growth / Hair Care
Hair & Nails
medical care
Health & Fitness
Bacterial Infections
Drops Antibiotic
Cardiology
Vitamins & Supplements
Antihypertensives
Pain Relief
Antidepressant
Blood Pressure Control
Digestive Health / Stomach Care
Antihypertensive
Oral Care",,,"H pharmacy is an official Health Partner with Carrefour Pakistan. H pharmacy is a best Pharmacy in Lahore with high-quality medicines,",90,Hot,Google Search,https://hpharmacy.pk/
How can we help you?,,"400 15px Roboto,RobotoDraft,Helvetica,Arial,sans",922337203685,,https://support.google.com/websearch/?p=ws_results_help&hl=en-PK&fg=1,,,,,60,Warm,Google Search,https://support.google.com/websearch/?p=ws_results_help&hl=en-PK&fg=1
Ravi Medical Store – Pakistan's Best Pharmacy Store,Ravi Medical Store – Pakistan's Best Pharmacy Store,2025 Ravi Medical Store,300 3177668,ravimedicalstorejcd@gmail.com,https://ravimedicalstore.pk/,,,,Ravi Medical Store ; Delivery in 24-72 HRS ; Address · Near Imam Medical Center ; Email: ravimedicalstorejcd@gmail.com ; Phone: (92)300 3177668.,85,Hot,Google Search,https://ravimedicalstore.pk/
"Medical Store Depot, Lahore","Medical Store Depot, Lahore","ABOUT
TEAM
EXPERTISE
PORTFOLIO
RESOURCES
BLOG
CAREERS
TENDER DOCUMENTS
CONTACT
Project Category
Health
Client
Primary & Secondary Healthcare Department (P&SHD)
MEDICAL STORE DEPOT, LAHORE
Government MSD is a central warehouse for the bulk purchase of medicine/equipment for health department at provincial level and the following federal and provincial programs/projects:
IRMNCH
Expanded Program for Immunization
C.D.C
TB Control Program
WHO & OTHER DONATIONS during disasters
The quantity of supplies received at this depot is huge. Construction of new barracks/upgradation of existing barracks shall result in significance increase in storage space.
PROJECT TIMELINE
View
© 2025 Communications Department IDAP
Terms & Conditions",2023021517,,https://www.idap.pk/portfolio-details/medical-store-depot-lahore,,,,"Medical Store Depot, Lahore. Government MSD is a central warehouse for the bulk purchase of medicine/equipment for health department at provincial level and the ...",60,Warm,Google Search,https://www.idap.pk/portfolio-details/medical-store-depot-lahore
Medical Stores Data (Lahore & Sheikhupura),Medical Stores Data (Lahore & Sheikhupura) - Pharmacy,2025 Sample,2147483638,progressive_profile_modal_graphic_scribd@2x.1e30e486.png,https://www.scribd.com/document/741596261/Medical-Stores-Data-Lahore-Sheikhupura,,,,1 LAHORE M/S Publix Pharmacy 2 LAHORE M/S Moon Medical Store 3 LAHORE M/S Wasti Medical Store 4 LAHORE Faizyab Pharmacy (Franchise of Fazal Din's Pharma Pl,85,Hot,Google Search,https://www.scribd.com/document/741596261/Medical-Stores-Data-Lahore-Sheikhupura
Punjab Medical Store,All Punjab Medical Store Branches in Lahore,0 oQdXW Styled,+923481112030,info@punjabmedicalstore.com,https://peekaboo.guru/lahore/detail/16060/punjab-medical-store/branches,,,,"Active all Punjab Medical Store branches in Lahore, We offer Prescription, healthcare, skin care, and every sort of medicine plus the surgical equipment and ...",85,Hot,Google Search,https://peekaboo.guru/lahore/detail/16060/punjab-medical-store/branches
d7leadfinder.com,List of all Pharmacies in Lahore (Punjab),,1764539445,,https://d7leadfinder.com/app/view-leads/36272918/,,,,"List of Pharmacies in Lahore (Punjab) ; Halcyon Pharmacy, 9230104xxxx6 ; MED GREEN PHARMACY, 9232340xxxx0 ; Punjab Medical Store, 9242378xxxx1, info@p45c4c44d8b00e ...",45,Cold,Google Search,https://d7leadfinder.com/app/view-leads/36272918/
Clinix,Clinix,"Careers
Contact Us
News
Branches
Home
Previous
Next
Who We Are
At Clinix Plus Medicine Superstore, we are more than just a pharmacy-we are a trusted partner in your journey toward better health. With a broad selection of quality pharmaceutical products, wellness supplements, and personal care items, we are committed to delivering an exceptional healthcare experience. Our dedication to service and integrity drives us to uphold the highest standards, ensuring every visit to our store, whether physical or online, reflects our unwavering commitment to your well-being. Clinix Plus is built on a foundation of care, quality, and innovation, designed to serve the healthcare needs of our communities with excellence and precision.
OUR JOURNEY
Clinix began as humble, community-focused pharmacy with a simple goal: to make quality healthcare available to all. As our vision expanded, so did our reach. Today, we've grown from modest beginnings into a leading healthcare brand, with modern stores that reflect the sophistication of our service. Our evolution is a testament to our commitment to innovation, featuring state-of-the-art interiors designed to enhance the customer experience. Now, as we offer franchising opportunities, we are empowering others to join our mission-enabling every community across Pakistan to benefit from the Clinix's promise of excellence.
Mission & Vision
Our mission is to redefine healthcare accessibility in Pakistan, ensuring every individual, from bustling cities to remote villages, has easy access to the medications and health support they need. We believe that quality healthcare should not be a privilege but a right. At Clinix, we are committed to raising the bar, offering reliable, safe, and affordable pharmaceutical services that empower families to lead healthier lives. We pledge to continuously innovate, leveraging the latest technology and customer-centric solutions to meet the growing demands of healthcare in our communities.

Looking ahead, our vision is bold and ambitious. We aim to reach every corner of Pakistan, transforming healthcare delivery with the same passion and precision that has made us a household name. By expanding our footprint through new stores, online platforms, and franchise opportunities, we are determined to provide the highest standard of care wherever it's needed. We are building a future where every person, in every city, has access to the best healthcare services. At Clinix, we don't just provide medicines-we provide peace of mind.
Employee Training & Growth
Hiring
From pharmacists to sales assistants, cashiers to operational staff, we warmly welcome everyone to join us.
Step 1
Following a 3-month training program, our store assistants embark on a year-long journey to gain foundational knowledge of medicines.
Step 2
Over the next two years, store assistants acquire advanced knowledge of healthcare and its formulations, along with virtual assessments.
Step 3
Upon successfully completing Step 2, they are invited to our head office for advanced training, featuring lectures and behavioral assessments.
Further
Finally, those who successfully complete all three steps are appointed as senior storefront leaders, such as Shift-in-Charges and Managers.
At Clinix Plus, we believe that the strength of our organization lies in the continuous growth and empowerment of our team. Our Employee Learning and Development department is dedicated to fostering a culture of excellence by providing ongoing training and skill development opportunities, all while ensuring employees are paid. We invest in our employees' growth because we know that by equipping them with the latest knowledge and tools, we are building a future-ready workforce that can drive innovation and deliver exceptional care. From leadership programs to specialized training in healthcare services, we are committed to nurturing talent and creating a dynamic work environment where our people can thrive.
Get In Touch
+92 042 37813372
help@clinix.com.pk
153 Mian Multan Road, Allama Iqbal Town Near Shahnoor Studios, Lahore
Interested In Discussing?
Send
Home
|
Branches
|
Careers
|
Contact Us
Copyright ©2023 Clinix All Rights Reserved. Powered By Bright-line Solutions.",1565350498,help@clinix.com.pk,https://clinix.com.pk/,,,,"With a broad selection of quality pharmaceutical products, wellness supplements, and personal care items, we are committed to delivering an exceptional ...",85,Hot,Google Search,https://clinix.com.pk/
"Afzal Medical Store, Shahdara Lahore",Afzal Medical Store Lahore | Doctors Details & Contact ...,2023 The Bootstrap Authors,+92 42 32591427,info@marham.pk,https://www.marham.pk/hospitals/lahore/afzal-medical-store/shahdara,,,,"Afzal Medical Store is a medical facility located in Shahdara, Lahore. The facility provides a wide range of healthcare services and features qualified and top ...",85,Hot,Google Search,https://www.marham.pk/hospitals/lahore/afzal-medical-store/shahdara
Dawaai,Online Pharmacy | Buy Medicines At Best Price In Pakistan,10 border,1569015949,pharmacy@dawaai.pk,https://dawaai.pk/,,,,"Dawaai is Pakistan's most trusted online medical store. Order medicines, consult doctors online, get your lab tests done at home.",85,Hot,Google Search,https://dawaai.pk/
CHAUDHRY MEDICAL STORE,CHAUDHRY MEDICAL STORE | Lahore | Pakistan | Enic.PK,,242-5885424,,https://chaudhrymedicalstore.enic.pk/,,,,"CHAUDHRY MEDICAL STOREShahlimar Link Road Mughalpura, Lahore, Punjab, PakistanPhone: 9242-5885424.",45,Cold,Google Search,https://chaudhrymedicalstore.enic.pk/
Pakistan's No.1 Online Medical Store,emeds Pharmacy: Pakistan's No.1 Online Medical Store,1 Online Medical Store,923001655563,help@emeds.pk,https://www.emeds.pk/?srsltid=AfmBOoqqC2DMArBMBXC32zB6pM_j-MpAvi6Da2wCin9o8vr7iySQYoGf,,,,"emeds.pk provide and fills prescriptions for a variety of health complaints and conditions. Our licenced online pharmacy also offer OTC, wellbeing and beauty ...",85,Hot,Google Search,https://www.emeds.pk/?srsltid=AfmBOoqqC2DMArBMBXC32zB6pM_j-MpAvi6Da2wCin9o8vr7iySQYoGf
Emporium Mall - Buy safe and reliable medical supplies at ...,Emporium Mall - Buy safe and reliable medical supplies at ...,7 x1sy0etr xstzfhl x,929406097461,,https://www.facebook.com/nishatemporium/photos/buy-safe-and-reliable-medical-supplies-at-punjab-medical-store-emporiummall-laho/546568698866887/,,,,Buy safe and reliable medical supplies at Punjab Medical Store #EmporiumMall! #Lahore #Megamall #Johartown #pharmacy #medicalstore.,60,Warm,Google Search,https://www.facebook.com/nishatemporium/photos/buy-safe-and-reliable-medical-supplies-at-punjab-medical-store-emporiummall-laho/546568698866887/
Top Online Pharmacy in Pakistan: Affordable Medicines,Top Online Pharmacy in Pakistan: Affordable Medicines,"Deliver to
Lahore",2618038326,,https://healthwire.pk/pharmacy,,,,Experience fast and reliable delivery of your medications from our trusted Healthwire online pharmacy. Swift Delivery to All Cities in Pakistan.,60,Warm,Google Search,https://healthwire.pk/pharmacy
Welcome,sms-pakistan.com,1 item1 first active current,+92-21-34520035,info@sms-pakistan.com,https://www.sms-pakistan.com/,,,,"Sind Medical Stores participates in all aspects of healthcare distribution ... Lahore, Pakistan. T : +92-42-37423711, 35960099. F : +92-42-37423746 ...",85,Hot,Google Search,https://www.sms-pakistan.com/
Al-Fatah | One Stop Solution,Al-Fatah | One Stop Solution,"DELIVERING TO :
      Address   
       Hussain Chowk",927717162847,info@alfatah.pk,https://alfatah.pk/?srsltid=AfmBOoqsTKDlIO_Q0fIr96Sic4mP9u8k3U607FpKWS64AHLp39sNWsKy,,,,Al-Fatah is a leading departmental store chain in Pakistan serving since 1941. Al-Fatah is a One Stop Shop offering the widest range of assortment of ...,85,Hot,Google Search,https://alfatah.pk/?srsltid=AfmBOoqsTKDlIO_Q0fIr96Sic4mP9u8k3U607FpKWS64AHLp39sNWsKy
Service Medical Store,All Service Medical Store Branches in Lahore,0 oQdXW Styled,922222222222,guest@peekaboo.guru,https://peekaboo.guru/lahore/detail/36788/service-medical-store/branches,,,,Recommendations for You ; Umar Medical Store ; M A Pharma Traders ; Khan Medical Store Lahore ; We Care Pharmacy - Lahore ; Lahore Medical Store.,85,Hot,Google Search,https://peekaboo.guru/lahore/detail/36788/service-medical-store/branches
Online Medical Store - Online Pharmacy in Pakistan,Online Medical store - Online Pharmacy in Pakistan,"+92 3206334225
order@medicalstore.com.pk
Login
0
Medicine & Health
Surgical Instruments
Sexual well-being
Proteins and Supplements
Herbal Medicines
Home Appliance
Perfumes",923076923077,order@medicalstore.com.pk,https://medicalstore.com.pk/?srsltid=AfmBOopZaFgdJSY3fQx1ZiRxG6WLY_rgtx0Q-KSEEQEirYrkvujYRQZv,,,,"MedicalStore.com.pk is the imminent No.1 Online Pharmacy in Pakistan, specialized in providing prescribed and OTC products.",85,Hot,Google Search,https://medicalstore.com.pk/?srsltid=AfmBOopZaFgdJSY3fQx1ZiRxG6WLY_rgtx0Q-KSEEQEirYrkvujYRQZv
Best Medical Pharmacy Services At Packages Mall Lahore,Best Medical Pharmacy Services at Packages Mall Lahore,"Where lahore comes to shop
Search
SHOP DINE ENTERTAINMENT TIMING GETTING HERE SERVICES




EXPLORE PACKAGES MALL EVENTS
Packages Mall > Packages Mall > Best Medical Pharmacy Services at Packages Mall Lahore
Best Medical Pharmacy Services At Packages Mall Lahore
October 23, 2023
Packages Mall
By Taiba Mustafa
At Packages Mall, in the center of Lahore, where ancient and contemporary cultures meet, a shining example of medical excellence is unveiled. A pharmacy that goes beyond the standard and exceeds the bar for pharmaceutical services can be found in this thriving center of commerce and leisure. Welcome to the highest level of clinical pharmacy at Packages Mall, where wellness meets convenience.
  The Pharmacy at Packages Mall is Manifested
  Packages Mall, which has become known for its extensive selection of shops and services, has increased its popularity with its forefront pharmacy. This perfect place for medical is more than simply a place to shop; it offers a whole healthcare experience. With an extensive selection of pharmaceutical services that go above and beyond the standard, the pharmacy at Packages Mall is ideally situated to meet the varied medical needs of the surrounding community.
  Individualized Consultations
  The pharmacy at Packages Mall emphasizes individualized care since it recognizes that receiving healthcare is not a comprehensive movement. Customers can gain from one-on-one discussions with pharmacists who take the time to understand specific health difficulties and offer customized answers. These consultations cover lifestyle suggestions, nutritional counseling, and wellness strategies in addition to medication management. The pharmacy at Packages Mall aims to enable people to take control of their health by encouraging a tailored approach to healthcare.
  Modern Facilities
  Rahman & Rahman Pharmacy in Packages Mall offers cutting-edge facilities and combines modernity throughout its services. Digital health records, computerized supply requests, and effective procedures all demonstrate the pharmacy’s commitment to using cutting-edge technology for the advantage of its clients. This improves the whole experience while also ensuring accuracy and rapid service.
  Clinical Excellence Redefined
  This clinical pharmacy stands out for its commitment to beneficial quality. The pharmacy in Packages Mall goes above and beyond providing medication with a team of highly qualified pharmacists and healthcare specialists. It serves as a center for healthcare where clients may access specialized advice, medication management consultations, and individualized care.
  Packages Mall is prominent in clinical pharmacy and an excellent source of info. Here, pharmacists serve as more than just medication suppliers; they also collaborate with patients to ensure their best possible health. The professional pharmacy services at Packages Mall can help, whether you need assistance managing your medications or have a specific medical concern.
  Recognizing advances in technology
  The pharmacy at Packages Mall supports innovation in the modern era of quick technology improvements to improve the client experience. Customers may effortlessly order prescriptions from the comfort of their respective residences and have them provided quickly due to an effective internet site. The pharmacy’s commitment to convenience and accessibility is shown in this combination of standard personal assistance and cutting-edge technology.
  Rahman & Rahman Pharmacy Services at Packages Mall
  Rahman & Rahman Pharmacy Services is a shining example of healthcare proficiency situated in the center of the bustling Packages Mall in Lahore. This pharmacy, which is easily accessible in a bustling retail and entertainment area, is more than simply a location to buy prescription medications; it’s also a place where customers’ health and well-being are emphasized.
  Commitment to Excellence
  Rahman & Rahman Pharmacy Services at Packages Mall is evidence of its commitment to providing top-notch medical care. You are welcomed by a team of dedicated staff members as soon as you walk through the doors, and they go above and beyond their call of duty to see to it that your medical needs are addressed with accuracy and care.
  Qualified and Caring Staff
  Rahman & Rahman’s pharmacists are its most valuable asset, and they are competent and respectful individuals. The abundance of information and expertise that these healthcare experts bring enables them to offer specialized guidance and solid advice. The pharmacists at Rahman & Rahman are available to assist you if you have inquiries about prescriptions, require advice on health matters, or want to learn more about wellness.
  Comprehensive Medication Solutions
  Rahman & Rahman Pharmacy Services is excited to offer an extensive choice of medicine solutions. The pharmacy carries a carefully selected selection of medicine, including both prescription medications and over-the-counter medicines. The emphasis is on quality, making sure that customers can get hold of medications from reputed companies to deal with many kinds of health issues.
  Contemporary Facilities
  Rahman & Rahman Pharmacy in Packages Mall offers the latest technology and incorporates modernity into its services. Digital health records, automated medication refills, and effective procedures all demonstrate the pharmacy’s commitment to utilizing cutting-edge technology for the benefit of its clients. This improves the whole experience while also ensuring accurate and rapid service.
  Approach Focused on the Customer
  Rahman & Rahman Pharmacy Services takes a customer-centric approach after taking the time to understand the particular requirements of a multitude of clients. The pharmacy’s design is simple to navigate, making it simple for customers to find the goods they require. Additionally, expanded times make it more convenient for people with busy schedules.
  Personalized Services Beyond Compare
  Rahman & Rahman Pharmacy Services is among the best in the medical field at offering individualized care. Each customer’s particular needs are recognized by the staff, who then provide recommendations and solutions that are suited to them. The pharmacy takes pride in making every interaction relevant and tailored, whether that involves providing medication packaging designed for user convenience or offering specific health management advice.
  Servaid+ at Packages Mall with Exceptional Pharmacy Services
  In the bustling area of Packages Mall in Lahore, one name stands out in the realm of healthcare – Servaid+. Nestled within this shopping-perfect place, Servaid+ Pharmacy Services redefines the standard of excellence in pharmaceutical care. More than just a place to procure medications, Servaid+ at Packages Mall is a healthcare destination committed to providing exceptional services and enhancing the overall well-being of its customers.
  Commitment to Wellness
  The wellness commitment demonstrated by Servaid+ at Packages Mall goes above and beyond the limits of common pharmaceutical services. Visitors are welcomed by an environment that demonstrates a commitment to promoting wellness and health as soon as they enter the grounds.
  Expert Pharmacy Team
  Servaid+ at Packages Mall demonstrates a commitment to wellness that goes above and beyond typical pharmaceutical services. From the moment visitors enter, the environment of the institution demonstrates its commitment to stimulating well-being and health.
  Most top-notch Medicines
  The Servaid+ pharmacy in Lahore takes pleasure in providing an extensive and top-notch selection of pharmaceuticals. The pharmacy makes sure that customers have access to carefully selected recognized pharmaceutical brands, whether it’s prescribed medications, over-the-counter medicines, or wellness goods.
  Combination of the Latest Technology
  To improve the customer experience, Servaid+ Pharmacy uses the latest technologies to stay front of the market. The services easily include digital health records, computerized renewed prescriptions, and effective distribution procedures. Additionally to ensuring accuracy, this gives customers greater comfort.
  Emphasis on the Customer
  Servaid+ offers a customer-centric approach that emphasizes the well-being of its customers. The pharmacy’s design is simple to navigate, enabling customers to find the items they require with ease. With longer hours, Servaid+ fits busy people’s schedules and provides access to healthcare when it’s most required.
  Solutions for Individualized Health
  Served+ excels in offering individualized health solutions because it understands that obtaining healthcare is an exceptionally personal experience. The pharmacy staff is educated to take into account each customer’s particular demands and provide individualized advice and solutions. Every connection is significant and benefits the individual’s well-being due to this commitment to customized care.
  Conclusion
  The pharmacy is an essential component of health and wellness in the bustling Packages Mall environment. By maintaining the values of clinical excellence, comprehensive services, technological innovation, and individualized care, it goes beyond the standard function of a pharmacy.
The pharmacy in Lahore is available to meet your needs, if you need professional assistance, to obtain your medication, or to look at the greatest wellness and health items. Enter an environment where receiving healthcare is more than just a service; it’s an experience, a commitment to your well-being that goes above and beyond. Improve your healthcare experience at Packages Mall, where the best pharmacy services are available.
AUTHOR
Taiba Mustafa
RECENT POST
Your Winter Wardrobe Upgrade – Sana Safinaz New Arrivals at Packages Mall
Sana Safinaz has become one of the most influential names in Pakistan’s fashion industry, known for its premium designs, elegant...
NOVEMBER 17, 2025
SHOPPING DESTINATION
Shop Alkaram PK Winter Collection Unstitched & Ready to Wear at Packages Mall
Alkaram is one of Pakistan’s most diagnosed and loved style brands, regarded for its fantastic fabric, fashionable designs, and seasonal...
NOVEMBER 17, 2025
SHOPPING DESTINATION
Kayseria New Collection 2025 – Unstitched & Winter Styles at Packages Mall
Kayseria has emerged as one of the most popular and relied on fashion brands in Pakistan. Known for its extremely...
NOVEMBER 14, 2025
SHOPPING DESTINATION
DOWNLOAD THE APP
VISITOR INFORMATION
Lost & Found Policy
Services
Mall Map
ABOUT US
About Packages Mall
Blogs
Careers
Getting Here
Lease Form
CONTACT US
UAN: 111-MY-MALL (111-696-255)
For suggestion Or any improvements
suggestion@packagesmall.com
For any other queries or information
info@packagesmall.com
For Hiring related queries
careers@packagesmall.com
A Project of Packages Group
Copyright © 2024 Packages Mall. All Rights Reserved. Powered By: Digital Marketing Agency - Creative Dots",92029374168,suggestion@packagesmall.com,https://packagesmall.com/best-medical-pharmacy-services-at-packages-mall-lahore/,Packages Mall,,,Rahman & Rahman Pharmacy Services is a shining example of healthcare proficiency situated in the center of the bustling Packages Mall in Lahore.,90,Hot,Google Search,https://packagesmall.com/best-medical-pharmacy-services-at-packages-mall-lahore/
Fazal Din's Pharma Plus – 24 Hours Medical Services,Fazal Din's Pharma Plus – 24 Hours Medical Services,,1764539692,,https://pharmaplus.com.pk/,,,,Fazal Din Pharma Plus commits to its customers for round the clock service. To serve our customers best we always have pharmacists available round the clock.,45,Cold,Google Search,https://pharmaplus.com.pk/
Medishop.pk: Medicine and Skin Products Online Pharmacy in ...,Medishop.pk: Medicine and Skin Products Online Pharmacy in ...,10 out of 10 best store,926989680891,info@medishop.pk,https://www.medishop.pk/?srsltid=AfmBOopgeG2OVvFQL1XQY1aDhwT_bbDcpc_Blf68VB06kxtUncIXrTIK,,,,"Shop for your genuine medicine, multivitamins and supplements ,sexual wellness, cosmetics, skin and hair products, baby care, personal care at discount ...",85,Hot,Google Search,https://www.medishop.pk/?srsltid=AfmBOopgeG2OVvFQL1XQY1aDhwT_bbDcpc_Blf68VB06kxtUncIXrTIK
Punjab Medical Store (Adda Plot),Punjab Medical Store (Adda Plot),"Raiwand Road, Lahore, Pakistan",306 9759151,map-placeholder@2x-d2d62e1471a04a5643035e8da0142369.png,https://www.waze.com/live-map/directions/punjab-medical-store-(adda-plot)-raiwand-road-lahore?to=place.w.48628026.486476864.22282680,,,,"Punjab Medical Store (Adda Plot). Raiwand Road, Lahore, Pakistan. Open in Waze. 92 306 9759151. Closed now. Sunday07:00 - 03:00. Monday07:00 - 03:00.",85,Hot,Google Search,https://www.waze.com/live-map/directions/punjab-medical-store-(adda-plot)-raiwand-road-lahore?to=place.w.48628026.486476864.22282680
Mughal Pharmacy,Mughal Pharmacy - Trusted Online Pharmacy in Lahore,7 CSS Styles,+923104030514,info@mughallabs.com,https://mughallabs.com/mughal-pharmacy/,,,,"Mughal Pharmacy is the leading online pharmacy in Lahore, providing a wide range of medications. Order all of your healthcare needs anywhere in Lahore.",85,Hot,Google Search,https://mughallabs.com/mughal-pharmacy/
This site can’t be reached,The 10 Best Medical Stores in Lahore,10 Best Medical Stores in Lahore,,,https://lahore.infoisinfo.com.pk/search/medical-stores,,,,The 10 Best Medical Stores in Lahore · 1 - Ibn-e-sina Medicina Medical & General Store - Lahore · 2 - Babri Medical Store - Lahore · 3 - Union Medical Store - ...,40,Cold,Google Search,https://lahore.infoisinfo.com.pk/search/medical-stores
Ayaz Medical Store,"Ayaz Medical Store, pharmacy, Lahore, Tezab Ahata Road, 8","Lahore, Tezab Ahata Road, 8",928571428571,support@maps.yandex.ru,https://yandex.com/maps/org/ayaz_medical_store/224113393067/,,,,"Pharmacy Ayaz Medical Store Province of Punjab, Lahore, Tezab Ahata Road, 8. View 2 photo, working hours. Get directions in Yandex Maps.",85,Hot,Google Search,https://yandex.com/maps/org/ayaz_medical_store/224113393067/
Shop By Category,Pharmacy,1 border,3968063669,,https://www.naheed.pk/pharmacy?srsltid=AfmBOoplyA-HklEHHQ6mzStZ2vwwIeBfB9w0x0JHuRy3BX-Z3g4MzAQc,"CATEGORIES
Account
Hello, Sign In
Wishlist
0 item
0
Cart
Welcome To Naheed.Pk!
(021) 111-624-333
Contact About Us Track Order Naheed Loyalty Affiliate Program Sell on Naheed
Home Pharmacy
Shop By Category


Contact Details
  156-157, Block 3, BYJCHS, Bahadurabad
Karachi, Pakistan
  Safa Mall, Ziarat Line, Malir Cantonment
Karachi, Pakistan
  (021) 111-624-333
Customer Support: 7 Days a Week, 9:00am - 10:00pm
Customer Services
Contact Us and Location
Delivery Info
FAQs
Naheed Loyalty
Information
About Us
Return & Refund
Privacy Policy
Terms & Conditions
Careers
Subscribe our Newsletter
Get the latest offers and promotions!
Subscribe
Copyright © 2025 Naheed.pk. All rights reserved.",,,Shop By Category. A-Z · Blood Disorder · Brain Disorders · Cancer · ENT · Energy & Hydration · Eye Conditions · Gastrointestinal Diseases · Hair Conditions.,65,Warm,Google Search,https://www.naheed.pk/pharmacy?srsltid=AfmBOoplyA-HklEHHQ6mzStZ2vwwIeBfB9w0x0JHuRy3BX-Z3g4MzAQc
Sajjad Medical Store,Sajjad Medical Store | Lahore,7 x1sy0etr xstzfhl x,924449682236,Sajjadmedicose@outlook.com,https://www.facebook.com/sajjadmedical/,,,,"Sajjad Medical Store, Lahore. 820 likes · 270 were here. For Health care facilities and Quality Medicine Are available.",85,Hot,Google Search,https://www.facebook.com/sajjadmedical/
List of Medical Stores Businesses in Pakistan,List of Medical Stores Businesses in Pakistan,"2025 List of Medical Stores Businesses in Pakistan, Free Online Web directory of Pakistani Medical Stores with contact details and location information, including address, phone number, owner name and photos",8608602506,,https://www.urdupoint.com/business/directory/161/medical-stores.html,,,,"Search from thousands of Medical Stores in Pakistan, located in Karachi, Lahore ... H Pharmacy - Online Medical Store Lahore - Lahore Tabiyat.pk - Karachi ...",60,Warm,Google Search,https://www.urdupoint.com/business/directory/161/medical-stores.html
"Life Medical Store and Clinic, Lahore",Life Medical Store and Clinic Lahore,2023 The Bootstrap Authors,311-1222398,info@marham.pk,https://www.marham.pk/hospitals/lahore/life-medical-store-and-clinic/ferozepur-road,,,,"If you want to book an appointment at Life Medical Store and Clinic, Lahore, then call Marham's helpline at 0311-1222398 or you can also book online.",85,Hot,Google Search,https://www.marham.pk/hospitals/lahore/life-medical-store-and-clinic/ferozepur-road
Store Locations,Store Locations,"16 Wahdat Rd, Muslim Town,",321 2405191,,https://essentials.pk/pages/store-locations?srsltid=AfmBOoqE2Qss65qLNpLlyCsQmTwWyLPpcryZecI108iDlHibzyvkp8Vb,,,,Kausar Medico · P:+92 321 2405191 ; Kausar Medico (Gizri Rd) · P:+92 311 1555052 ; Times Medico (stadium) · P:021 34932278 ; Murad Medicos (Stadium Rd) · P:+92 301 ...,60,Warm,Google Search,https://essentials.pk/pages/store-locations?srsltid=AfmBOoqE2Qss65qLNpLlyCsQmTwWyLPpcryZecI108iDlHibzyvkp8Vb
City Pharmacy,City Pharmacy delivery service in Lahore,Select your address,+923099992489,zainulabideen77776@yahoo.com,https://www.foodpanda.pk/shop/jddo/city-pharmacy-jddo,"All categories
Snacks & Confectionery
Edible-Grocery
Baby Care
Health & Wellness
Pregnancy Strips
Multivitamin & Supplements
Herbal",,,Order your groceries from City Pharmacy in Lahore ✓ Delivery to your home or office ✓ Check full menu and items ✓ Safe & easy payment options.,90,Hot,Google Search,https://www.foodpanda.pk/shop/jddo/city-pharmacy-jddo
Online Pharmacy Pakistan – Buy Skincare & Medicines at ...,Online Pharmacy Pakistan – Buy Skincare & Medicines at ...,1 ease forwards,320 5999650,info@derma.pk,https://derma.pk/?srsltid=AfmBOooUt1QSeiT3ljNw-KRS_ltAMe-oXzbfFinBOe5Vxs4Uz3moIIJq,,,,"Store location. 48/3 Quaid Commercials, Bahria Town Lahore, Pakistan. Work inquiries. info@derma.pk. Call us. +92 320 5999650. Open hours. Sun-Fri : 10.00AM - ...",85,Hot,Google Search,https://derma.pk/?srsltid=AfmBOooUt1QSeiT3ljNw-KRS_ltAMe-oXzbfFinBOe5Vxs4Uz3moIIJq
Pharmacies in Lahore,Pharmacies in Lahore | citysearch.pk,1 Bedroom,+92-42-34550734,,https://www.citysearch.pk/lahore/health-and-medical/pharmacies,,,,Browse by Area · NMP Pharmacy · ZAM ZAM Pharma · Nelson Pharmacy · Punjab Medical Store · Dr. Masood & Sons · Servaid Pharmacy · Doctors' Pharma · Fazal ...,60,Warm,Google Search,https://www.citysearch.pk/lahore/health-and-medical/pharmacies
Valid Drug Sale Licensed Outlets in Punjab,Valid Drug Sale Licensed Outlets in Punjab,2 topLabel,6358277738,,https://cdsl.pshealthpunjab.gov.pk/src/LicensedOutletList.aspx/1000?ctl00_ContentPlaceHolder1_RadGrid1ChangePage=1052_20,,,,"LAHORE, Nishtar Town, M/S Bismillah Medical Store, Shop No.18, Awan Chowk Baba Fareed Colony Chungi Amar Sidhu Lahore.",60,Warm,Google Search,https://cdsl.pshealthpunjab.gov.pk/src/LicensedOutletList.aspx/1000?ctl00_ContentPlaceHolder1_RadGrid1ChangePage=1052_20
MUBASHAR MEDICOS,MUBASHAR MEDICOS | Lahore | Pakistan | Enic.PK,,9242-7228198,,http://mubasharmedicos.enic.pk/,,,,"Health and Medical, Medical Stores · Address & Contact · Photo Gallery · Map & Directions · Comments: Send Us a Message in Comments ; Add a Comment and Press Enter.",45,Cold,Google Search,http://mubasharmedicos.enic.pk/
5 Best Medical Store In Lahore,5 Best Medical Store in Lahore,5 Best Medical Store in Lahore,3130255736,,https://heypakistani.com/best-medical-store-in-lahore/,CITY’S,,,5 Best Medical Store in Lahore · 1. Fazal Din's Pharma Plus · 2. Servaid Pharmacy · 3. Shaheen Chemist · 4. Green Plus Pharmacy · 5. Clinix Pharmacy. Clinix ...,65,Warm,Google Search,https://heypakistani.com/best-medical-store-in-lahore/
Servaid Pharmacy,Servaid Pharmacy,,2417176891,,https://www.servaid.com.pk/,,,,"Launching Soon. Authentic products, verified service, and reliable delivery — all coming to you soon. Refresh Page © 2025 Servaid. All rights reserved.",45,Cold,Google Search,https://www.servaid.com.pk/
Healthwire: Connecting Healthcare,Healthwire: Connecting Healthcare,19 PCR Test,2618038326,hello@healthwire.pk,https://healthwire.pk/,,,,Best Child Specialist in Lahore · Best Orthopedic Surgeon in Lahore · Best ... National Medical Centre · Shifa International Hospital · Maroof International ...,85,Hot,Google Search,https://healthwire.pk/
Kausar Medicos,Kausar Medicos,,321-2405191,sales@km.com.pk,http://km.com.pk/,,,,"Medicine : +92-321-2405191; Surgical : +92-324-2121322. Contact Info. Gizri. Premier Arcade, Opp. Naval H.Q. Khayaban-e-Hafiz, Clifton, Karachi. sales@km.com.pk ...",70,Hot,Google Search,http://km.com.pk/
Medlife - Your Trusted Online Pharmacy & Medical Store in ...,Medlife - Your Trusted Online Pharmacy & Medical Store in ...,1 Online Medical Store,92448607539,orders@medlife.pk,https://medlife.pk/,,,,"Medlife Pharmacy is a leading online medical store in Lahore, offering exceptional service and reliable healthcare solutions. ... Online Medical Stores. 13 Oct.",85,Hot,Google Search,https://medlife.pk/
Medical Store in Lahore,"Medical Store in Lahore, Free classifieds in Lahore",1 normal forwards,92000000001,,https://www.olx.com.pk/lahore_g4060673/q-medical-store,,,,Find the best Medical Store in Lahore. OLX Pakistan offers online local classified ads for Medical Store. Post your classified ad for free in various ...,60,Warm,Google Search,https://www.olx.com.pk/lahore_g4060673/q-medical-store
Hamdard Pakistan | Official Online Store,Hamdard Pakistan | Official Online Store,"2 PECHS, Main Tariq Road, Bahria",923268053592,ecom@hamdard.com.pk,https://pk.hamdardglobal.com/,,,,Hamdard :: A leading herbal Medicine and Herbal products manufacturers and suppliers in Pakistan.,85,Hot,Google Search,https://pk.hamdardglobal.com/
Pakistan Medical Store,"Driving directions to Pakistan Medical Store, Mian Mir Rd ...","Pakistan Medical Store
G9R6+G3R, Mian Mir Rd, Saiden Shah Colony Saidan Shah, Lahore, Pakistan",,map-placeholder@2x-d2d62e1471a04a5643035e8da0142369.png,https://www.waze.com/live-map/directions/pk/punjab/lahore/pakistan-medical-store?to=place.ChIJCWCT7B8FGTkRynuLBlBtKHI,,,,"Realtime driving directions to Pakistan Medical Store, Mian Mir Rd, Lahore, based on live traffic updates and road conditions – from Waze fellow drivers.",65,Warm,Google Search,https://www.waze.com/live-map/directions/pk/punjab/lahore/pakistan-medical-store?to=place.ChIJCWCT7B8FGTkRynuLBlBtKHI
medical stores in lahore - Pakistan Business Listings,medical stores in lahore - Pakistan Business Listings,"Your City...
Abbottabad
- Kehal
- Mandian
- Mansehra Road
- Model Town
- Musa Zai Colony
- Pine View Road
- Shah Zaman Colony
- Township Road
Ahmedpur Sharqia
- Uch Sharif
Arifwala
- Ghallah Mandi
- Thana Bazar
Attock
- Injra
Australia
- Erina
Azad Kashmir
- Kotli
- Mirpur
Bahawalnagar
- Haroon Abad
- Minchinabad
- New City
Bahawalpur
- Cantt
- Saraiki Chowk
- Trust Colony
Bajaur
- Inayat Kalay
- Khar
- Siddiq Abad
Balakot
Basirpur
Batkhela
- Zafar Park
Benazirabad
- Sakrand
Bhakkar
- College Road
Buner
Burewala
- Arif Bazar
- Chak 435/EB
- Channu Mor
- College Road
- Ghallah Mandi
Canada
- Alberta
- British Columbia
- Burnaby
- Edmonton
- Fort Saskatchewan
- Greater Vancouver
- Manitoba
- Newfoundland
- Ottawa
- Saint-Zotique
- St. John's
Chakwal
- Adhowal
- Kariala
- Pindi Road
- Talagang Road
- Thanial Phattak
Chaman
- Bhogra Road
- Chaman
- Hamam Road
Charsadda
- Shabqadar
- Tangi Road
Chichawatni
China
- Changsha
- Guangming
- Hefei
- Shenzhen
Chiniot
- Sargodha Road
Chishtian
- Qazi Wala
Chunian
- Chak 18
D G Khan
- Faridi Bazar
D I Khan
Daska
- Muhammad Pura
- Pasrur Road
Depalpur
- Sabzi Mandi
Dera Ismail Khan
- Bannu Road
- Daraban, Dera Ismail Khan
- Naniwala
- Paharpur
Dina
Faisalabad
- Abdullahpur
- Al Noor Garden
- Amin Town
- Aminpur
- Anarkali Bazar
- Awami Colony 1
- Ayub Colony
- Bano Bazar
- Batala Colony
- Bhawana Bazar
- Bilal Ganj
- Canal Road
- Chak 208 Road
- Chen One Road
- Chenab Chowk
- Chiniot Bazar
- Citi Housing
- Clock Tower
- D Ground
- Dijkot Road
- District Courts
- Douglaspura
- Eden Valley
- Factory Area
- Ganesh Mill Road
- GM Abad
- Gole Chowk
- Grain Market
- Gulberg
- Gulfishan Colony
- Gulistan Colony
- Gulshan e Iqbal
- Haji Abad
- Hajveri Town
- Harianwala
- Iqbal Stadium
- Jaranwala Road
- Jhang Bazar
- Jhang Road
- Jinnah Colony
- Karkhana Bazar
- Khurrianwala
- Kohinoor City
- Kotwali Road
- Landa Bazar
- Liaquat Road
- Madina Town
- Mansoorabad
- Millat Chowk
- Munshi Mohallah
- New Civil Lines
- Nisar Colony
- Nisar Colony
- Nishatabad
- Old Bakar Mandi
- People's Colony 1
- People's Colony 2
- Peoples Colony
- Rail Bazar
- Railway Road
- Samanabad
- Samundari Road
- Santpura
- Sargodha Road
- Satyana Road
- Sheikhupura Road
- Sir Syed Town
- Susan Road
- Tandlianwala
- West Canal Road
- Zia Town
Fort Munro
- Main Market
Ghotki
Gilgit
- Hameedghar
- Jutial
- Kashrote
- Skardu
Gojra
- Bilal Park
Gujar Khan
- Daultala
- GT Road
- Gulyana
- Halwai Gali
- Housing Scheme
- Sarafa Bazar
Gujranwala
- Ahmed Pura
- Alam Chowk
- Baghbanpura
- Bahar Colony
- Chan Da Qila
- Chicherwali
- Clock Tower
- Eminabad
- Eminabad Road
- Ghakhar Mandi
- Gondlanwala
- GT Road
- Gulzar Colony
- Hafizabad Road
- Jinnah Road
- Judicial Colony
- Kamoke
- Kangniwala
- Khiali Road
- Khokhar Ke
- Kotli Pir Ahmed Shah
- Kotli Rustam
- Model Town
- Nomania Road
- Old Town
- People Colony
- Qazi Town
- Qila Didar Singh
- Rahwali
- Satellite Town
- Shaheenabad
- Sheikhupura Road
- Sheranwala Bagh
- Sialkot Road
- Sui Gas Road
Gujrat
- Circular Road
- Dheerkay Khurd
- Gulzar e Madina
- Jalalpur Jattan
- Malka
- Muslim Bazar
- Sarafa Bazar
- Servis Industries
- Small Industrial Area
Gwadar
Hafizabad
Hasan Abdal
- BM Market
Hasilpur
Hyderabad
- Autobahn Road
- Cantt
- Faqeer Kapar
- Faujdari Road
- Giddu Chowk
- Qasimabad
- RECHS
India
- Bengaluru
- Dehradun
- Hyderabad
- Kolkata
- Noida
- Uttar Pradesh
Iran
- Isfahan
Iraq
- Kalar
Islamabad
- Aabpara
- B17
- Bahria Enclave
- Bahria Town
- Bani Gala
- Bhara Kahu
- Blue Area
- Burma Town
- Centaurus
- Chak Shahzad
- DHA
- E11
- E7
- F10
- F11
- F17
- F5
- F6
- F7
- F8
- G10
- G11
- G13
- G15
- G6
- G7
- G8
- G9
- Ghouri Town
- Golra Mor
- GT Road
- Gulberg
- Gulberg Greens
- I-10
- I-11
- I-8
- I-9
- Islamabad
- Jhangi Syedian
- Jinnah Garden
- Kahuta
- Kahuta Road
- Khanna Pul
- Lake View Park
- Lehtrar Road
- Margalla Town
- Model Town
- Pakistan Town
- Police Foundation
- PWD
- Rawat
- Sabzi Mandi
- Soan Garden
- Sohan Town
- Syedian
- Tarnol
Jahanian
Jhang
- Ahmed Pur Sial
- Jhang
- Satellite Town
Jhelum
- Aram Din Bazar
- Bilal Town
- Citi Housing
- Civil Lines
- Dulhan Bazar
- Kala Gujran
- Karim Pura Road
- Kashmir Colony
- Kinari Bazar
- Main Bazar
- MM1
- MM3
- Nia Bazar
- Rohtas Road
- Sarwar Shaheed Road
- Shandar Chowk
- Toya Mohallah Road
Kabirwala
Kamalia
- Dogar Chowk
Karachi
- Abysenia Lines
- Agra Taj Colony
- Al Hilal Society
- Al Noor Society
- Ancholi
- Aram Bagh
- Askari 2
- Aysha Manzil
- Azizabad
- Bahadurabad
- Bahria Town
- Baldia Town
- Baloch Para
- Banglore Town
- Bath Island
- Beaumont Road
- Bihar Colony
- Bin Qasim Road
- Bolton Market
- Buffer Zone
- Bunder Quarter
- Burns Road
- Cantt
- Chakiwara
- Chundrigar Road
- Civil Lines
- Clifton
- Club Road
- CP Berar Society
- Dalmia
- Darawaish Coloney
- Defence View
- Delhi Colony
- Denso Hall
- DHA
- East Wharf
- Faisal Cantt
- Fatima Jinnah Colony
- Fatima Jinnah Road
- FB Area
- Fowler Lines
- Gabol Colony
- Garden
- Gari Khata
- Gizri
- Golimar
- Grant Road
- Gulbahar
- Gulberg
- Gulistan e Jauhar
- Gulshan e Hadeed
- Gulshan e Iqbal
- Gulshan e Jamal
- Gulshan e Maymar
- Gulshan e Mazdoor
- Gulshan e Mehran
- Gulshan e Zahoor
- Gulzar e Hijri
- Gurumandir
- Gwalior Society
- Hasrat Mohani Road
- Hawksbay
- Hijrat Colony
- Hyderi
- Hyderi Manzil
- I I Chundrigar Road
- Jacob Lines
- Jamshed Road
- Jinnah Society
- Jodia Bazar
- KAECHS
- Kakri Ground
- Karachi
- Karimabad
- Kashmir Colony
- Kathiawar Society
- KDA 1
- Keamari
- Kharadar
- Khori Garden
- Khudadad Colony
- Kokan Society
- Korangi
- Korangi Road
- Lalazar
- Lalukhet
- Landhi
- Lee Market
- Liaquatabad
- Lines Area
- Lyari
- M A Jinnah Road
- M Ali Society
- Machar Colony
- Malir
- MAMCH Society
- Manghopir Road
- Manzoor Colony
- Maqboolabad
- Marriott Road
- Marston Road
- Mauripur
- MCH Society
- Mehmoodabad
- Memon Goth
- Metroville
- Mithadar
- Model Colony
- Mominabad
- MT Khan Road
- Nagan Chowrangi
- Nazimabad
- New Chali
- New Karachi
- New Sabzi Mandi
- Nishtar Road
- North Karachi
- North Nazimabad
- Orangi
- Pakistan Chowk
- Paposh Nagar
- PECHS
- PIB Colony
- Port Qasim
- Preedy Quarters
- Punjab Colony
- Qasba Colony
- Quaidabad
- Quetta Town
- Ranchore Line
- Rashid Minhas Road
- Saadi Town
- Saddar
- Sarafa Bazar
- Saudabad
- Scheme 33
- Seari Quarters
- Shabbirabad
- Shah Faisal Colony
- Shah Latif Town
- Shah Wali Allah Road
- Shaheed e Millat Road
- Shahra e Faisal
- Shahra e Liaquat
- Shahra e Pakistan
- Sharfabad
- Shershah
- Shireen Jinnah Colony
- SITE
- SMCHS
- Sohrab Goth
- Soldier Bazar
- Surjani Town
- Tariq Road
- Tipu Sultan Road
- University Road
- West Wharf Road
- Zia Uddin Ahmed Road
Karak
- Takhti Nasrati Road
Kasur
- Allah Abad
Khairpur Mir's
- Khajoor Market
Khanewal
- Chak Shahana Road
Kharian
- Dinga
- Gulyana Road
- Main Bazar
Khushab
- Thal
Kohat
Korea
- Seoul
Lahore
- Abbot Road
- Aibak Road
- Airline Society
- Al Jalil Garden
- Al Noor Town
- Al Raheem Garden
- Al Rehman Garden
- Aliya Town
- Allama Iqbal Town
- Amir Town
- Anarkali
- Awan Town
- Azam Gardens
- Aziz Bhatti Town
- Badami Bagh
- Baghbanpura
- Bahar Colony
- Bahria Orchard
- Bahria Town
- Band Road
- Barki Road
- Batti Chowk
- Beadon Road
- Bedian Road
- Begum Kot
- Bhatti Gate
- Bhogiwal
- Bilal Ganj
- Board of Revenue Society
- Brandreth Road
- Branth Road
- Bull Road
- Burj Attari
- Canal Garden
- Canal Road
- Canal View
- Cantt
- Cavalry Ground
- Chamberlain Road
- Chamra Mandi
- Chauburji
- China Scheme
- Chota Mota Singh
- Chung
- Chungi Amar Sidhu
- Circular Road
- College Road
- Cooper Road
- Cresent Town
- Daroghawala
- Data Park
- Davis Road
- Defence Road
- DHA
- Dharampura
- Dil Muhammad Road
- Dullu Khurd
- Edward Road
- Egerton Road
- Empress Road
- Engineers Town
- Etihad Town
- Faisal Gardens
- Faisal Town
- Fane Road
- Farooq Ganj
- Fateh Muhammad Road
- Ferozepur Road
- Fortress Stadium
- Ganpat Road
- Garden Town
- Garhi Shahu
- Gawalmandi
- Ghazi Road
- Ghaziabad
- Glaxo Town
- Green Town
- Gujjar Pura
- Gulberg
- Gulshan e Lahore
- Gulshan e Ravi
- Gurumangat Road
- Hall Road
- Harbanspura
- Ichra
- Iqbal Avenue
- Islampura
- Jail Road
- Johar Town
- Jubilee Town
- Kahna
- Kahna Nou
- Karol Ghatti
- Kasur Pura
- Khayaban e Amin
- Khuda Baksh Colony
- Kot Lakhpat
- Lahore
- Lake City
- Lakshami Chowk
- Lawrence Road
- Lidher
- Lohari
- Manawan
- Marghzar Colony
- McLeod Road
- Military Accounts Society
- Misri Shah
- Mochi Gate
- Model Town
- Mominpura
- Montgomery Park
- Montgomery Road
- Mozang
- Mughalpura
- Multan Road
- Muslim Colony
- Muslim Town
- Mustafa Town
- Nawab Town
- Nespak Society
- New Airport Road
- New Garden Town
- New Iqbal Park
- New Model Town
- New Muslim Town
- New Samanabad
- New Super Town
- NFC Housing Society
- Nicholson Road
- Nila Gumbad
- Nisbat Road
- Nishtar Road
- Nishter Colony
- Pak Arab Housing
- Parkview City
- Patiala Ground
- Peco Road
- PGECHS
- PIA Society
- Qainchi
- Queens Road
- Rachna Town
- Railway Road
- Railway Station
- Raiwind
- Raiwind Road
- Rang Mehal
- Ravi Road
- Royal Park
- Sabzazar
- Saddar
- Saghian
- Samanabad
- Sanda
- Sarafa Bazar
- Shad Bagh
- Shadman
- Shah Alam
- Shah Alam Market
- Shah Jamal Colony
- Shahdara
- Shahid Town
- Shahra e Roomi
- Shalamar
- Sham Nagar
- Sheikhupura Road
- Shoukat Town
- Singh Pura
- Suha Bazar
- Sultan Pura
- Super Town
- Temple Road
- The Mall
- Thokar Niaz Baig
- Township
- Tufail Road
- Turner Road
- UET Society
- Upper Mall
- Valencia Town
- Wahdat Road
- Walton Road
- Wapda Town
- Westwood Colony
- Zarar Shaheed Road
Lalamusa
- Chota Bazar
- Gulberg Road
Larkana
- Bus Stand
- Indus Highway
- Resham Gali
- Shahi Bazar
Layyah
- Karor Lal Esan
- Pahar Pur
- Ward 1
Lodhran
- Dhanote
- Multan Road
Lower Dir
- Timergara
- Ziarat Talash
Malta
- Ghaxaq
Mandi Bahauddin
- Gulberg
- Kuthiala Khurd
- Malakwal
- Phalia Road
Mansehra
- Baffa Doraha
- Chitta Batta
- College Doraha
- Gandhian
- Khaki
- Lari Ada
- Mandi Battal
- Shahra e Resham
- Shinkiari Road
- Thakra
Mardan
- Nisata Road
Mian Channu
Mianwali
- Isakhel
- PAF Road
Mirpur
- General Bus Stand
Mirpur Khas
- Khad Plot
- Sir Syed Road
Multan
- Abdali Road
- Bagh Bagi
- Band Bosan
- Basti Malook
- Basti Nihal
- Block X
- Bodla Town
- Bosan
- Bosan Road
- Buch Villas
- Chowk Shaheedan
- Chungi No. 9
- Clock Tower
- Farooq e Azam Colony
- Farooq Pura
- Garden Town
- Ghous Pura
- Gujjar Khadda
- Gulgasht
- Gulgasht Colony
- Hassan Parwana Road
- Hussain Agahi Road
- Kasi Road
- Katchehry Road
- Khanewal Road
- Kumharanwala
- LMQ Road
- Lodhi Colony
- M A Jinnah Road
- Makkah Town
- Masoom Shah Road
- MDA Road
- Model Town
- MPS Road
- Multan
- Mumtazabad
- New Ghallah Mandi
- New Shalimar Colony
- Nishtar Road
- Public School Road
- Raja Pur
- Rasheedabad
- Shah Rukn e Alam
- Shershah Town
- Smejabad
- Tariq Abad
- Tipu Sultan Colony
- Vehari Chowk
- Vehari Road
- Wahdat Colony
Murree
- Viewforth Road
Muzaffarabad
- Garhi Habibullah
- Upper Chatter
- Upper Gharipan
Muzaffargarh
- Kot Addu
Nankana Sahib
- Bucheki Road
- Kot Tahir
- Sangla Hill
- Youngsonabad
Narang Mandi
- Rail Bazar
Narowal
Nathiagali
- Main Bazar
Nawabshah
Nowshera
- Pabbi
Okara
- Ahmed Abad
- Akbar Road
- Bangla Gogera
- Benazir Road
- Block D
- Chak 1/4 L
- Chak 54/2 L
- Chungi No. 7
- Church Road
- Depalpur Chowk
- Depalpur Road
- Faisalabad Road
- Gamber
- General Bus Stand
- Gogera
- GT Road
- Karmanwala Chowk
- Katchehry Bazar
- Khan Colony
- Lahore Road
- M A Jinnah Road
- Mopalke
- Multan Road
- New Lalazar Colony
- Scrap Market
- Sher Rabbani Town
Oman
- Muscat
Pakistan
Pakpattan
- Kumhariwala
- Madina Town
- Noorpur
- Sahiwal Road
Pasroor
- Badiana
Pattoki
- Old Mandi
- Tauheed Town
Peshawar
- Bilal Town
- Bilor Town
- Cantt
- Dalazak Road
- Faqir Abad
- Gur Mandi
- Hashtnagri
- Hayatabad
- Jamrud Road
- Jangi Mohallah
- Khattak Pul
- Mirch Mandi
- Muslim City
- Namak Mandi
- Noudeh Bala
- Palosi Road
- Peshtakhara Chowk
- Qissa Khawani Bazar
- Ring Road
- Saddar
- Sohail Abad
- University Road
- University Town
Quetta
- Alamdar Road
- Hazara Town
- Imdad Chowk
- J U Afghani Road
- Jinnah Road
- Kharot Abad
- Mastung Road
- Samungli Road
- Saryab Road
- Sirki Road
- Zargoon Road
Rahim Yar Khan
- Abbasia Town
- Abu Dhabi Road
- Bahadur Pur
- Fateh Pur Kamal
- Khanpur
- Rahim Yar Khan
- T Muhammad Panah
- Trust Colony
- Zahir Pir
Rajanpur
Ratodero
- Ratodero
Rawalpindi
- 6th Road
- Airport Society
- Alam Khan Road
- Ali Town
- Allama Iqbal Colony
- Askari 14
- Bahria Town
- Bazar Talwaran
- Benazir Bhutto Road
- Bhabra Bazar
- Bohar Bazar
- Chah Sultan
- Chaklala
- Chaklala Road
- Chakri Road
- Chandni Chowk
- Chour Harpal
- Chungi 22
- College Road
- Commercial Market
- Committee Chowk
- DAV College Road
- DHA
- Dhoke Mangtal
- Fauji Colony
- Fazal Town
- Ganj Mandi, Rawalpindi
- Ghaus e Azam Road
- Glass Factory Road
- Gordon College Road
- GT Road
- Gulraiz
- Gulzar e Quaid
- IJP Road
- Iqbal Road
- Jinnah Road
- Kalar Syedan
- Kalma Chowk
- Khanna Road
- Khayaban e Sir Syed
- Liaquat Road
- Misrial Road
- Murree Road
- Naseerabad
- Old Airport Road
- Peshawar Road
- Pindora
- Pir Wadhai
- Qasim Abad
- Raja Bazar
- Range Road
- Rawalpindi
- Razaq Town
- Rehmanabad
- Saddar
- Sadiqabad
- Saidpur Road
- Satellite Town
- Shakrial
- Shamsabad
- Stadium Road
- Waris Khan
- Westridge
Sadiqabad
- Hospital Road
- KLP Road
Sahiwal
- Arifwala Road
- Bitholdi Colony
- Bypass Road
- Chak 72/4R
- Depalpur Bazar
- Green Town
- High Street
- Jahaz Chowk
- Jinnah Chowk
- Jogi Chowk
- Kamir
- Karbala Road
- Pakpattan Bazar
- Pakpattan Road
- Pasha Street
- Railway Road
- Sadman Town
- Shadab Town
- Sori Gali
Sarai Alamgir
Sargodha
- Babar Road
- Bhalwal
- Block 9
- Faisalabad Road
- Farooka
- Gol Chowk
- Khushab Road
- Kot Momin
- Pir Muhammad Colony
- Sargodha
- Satellite Town
- University Road
Saudi Arabia
- Dammam
- Khamis Mushait
- Makkah
Sharaqpur
- Main Bazar
Sheikhupura
- Alama Mashraqi Park
- Band Road
- Dil Chowk
- Farooqabad
- Muridke
- Railway Road
- Rasulpur
- Shah Colony Road
Shinkiari
- Kashmiri Bazar
Sialkot
- Adalat Garh
- Aghaz Housing
- Akbar Abad
- Al Hadi Town
- Badiana
- Bank Road
- Bazar Pansarian
- Cantt
- Chah Pisswan
- Chak Sarwani
- Chaprari
- Chitti Sheikhan
- Circular Road
- College Road
- Daska Road
- Defence Road
- Eimanabad Road
- Fatehgarh
- Ghazipur
- Gohadpur
- Hajipura
- Islampura
- Kamanwala
- Karim Pura
- Kashmir Road
- Kotli Loharan
- Langeriali
- Mubarak Pura
- Muhammadpura
- Muradpur
- Murray College Road
- Muslim Bazar
- Muzaffarpur
- Noul
- Pak Pura
- Pakka Garha
- Pasrur Road
- Railway Road
- Raipur
- Ramtalai Road
- Rangpura
- Rehmat Pura
- Saddar
- Sambrial
- Shahab Pura
- Ugoki
- Urdu Bazar
- Vario Road
- Zafarwal Road
Skardu
- Alamdar Chowk
Sohawa
Sukkur
- Sarafa Bazar
Swabi
- Colonel Sher Kalay
- Dagai
- Gadoon Amazai
- Shewa Ada
Swat
- Bahrain
- Bara Bandai
- Barikot
- Saidu Sharif
Talagang
- Main Bazar
- Mianwali Road
- Multan Khurd
- Mundial Chowk
- Talagang
- Tamman
Taunsa
Taxila
- GT Road
Toba Tek Singh
- Jhang Road
- Pir Mahal
Topi
- Main Ada
Turkey
- Izmir
UAE
- Abu Dhabi
- Ajman
- Dubai
UK
- Birmingham
- Blackburn
- Dagenham
- Leicester
- London
- Romford
- Weybridge
Upper Dir
- Kumrat Valley
USA
- Akron
- Alexandria
- Alpharetta
- Austin
- Bristow
- California
- Corona
- Cypress
- Dover
- Dublin
- Fairfax VA
- Florida
- Fresno
- Hollywood
- Houston
- Irving
- Kansas
- Maine
- Maryland
- Mesa
- Minnesota
- New Franklin
- New Jersey
- New York
- Norfolk
- North York
- Phoenix
- Plainfield
- Port Washington
- Sheridan
- Southwest Ranches
- Tampa
- Texas
- Williamsburg
- York
Vehari
- Gol Chowk
- Sharqi Colony
Wah Cantt
- 26 Area
- GT Road
- Lala Rukh
- Model Town
- Nawab Abad
Wazirabad
- Main Bazar",+923165165519,,https://atyourservice.pk/list-tags/medical-stores-in-lahore/,,,,"Javaid Medical & General Store R · Life Care Pharmacy – A Block, Mode · Akram Medical Store – Muhammad Ali · Clinix Pharmacy, The Medicine Superstore · Aziz Sons ...",60,Warm,Google Search,https://atyourservice.pk/list-tags/medical-stores-in-lahore/
My Vitamin Store - Leading Online Vitamins Store in Pakistan.,My Vitamin Store - Leading Online Vitamins Store in Pakistan.,"101-B/III MM Alam Rd, Block B 3 Gulberg III, Lahore",925212066654,info@stagheaddesigns.com,https://www.myvitaminstore.pk/?srsltid=AfmBOooM97I_2NYGcs9TtW-auYzl2R2fRysGoEce7rWwW4cbyHBjI5sd,,,,"One Stop Website for Authentic Multivitamins, Vitamins, Sports Supplements, Personal Care, Medicines and More. Shop Online With Free Delivery All Over ...",85,Hot,Google Search,https://www.myvitaminstore.pk/?srsltid=AfmBOooM97I_2NYGcs9TtW-auYzl2R2fRysGoEce7rWwW4cbyHBjI5sd
"Chand Medical Store, Lahore",Chand Medical Store Lahore | Doctors Details & Contact ...,2023 The Bootstrap Authors,+92 42 32591427,info@marham.pk,https://www.marham.pk/hospitals/lahore/chand-medical-store/chungi-amar-sidhu,,,,View complete details and timings of doctors to book an online or video consultation via Marham.pk at Chand Medical Store Chungi Amar Sidhu Lahore.,85,Hot,Google Search,https://www.marham.pk/hospitals/lahore/chand-medical-store/chungi-amar-sidhu
Naveed medical store,Naveed medical store - Maps,"Province of Punjab, Lahore, Mufti Street",925191642031,support@maps.yandex.ru,https://yandex.com/maps/org/naveed_medical_store/183060477854/,,,,"Pharmacy Naveed medical store Province of Punjab, Lahore, Mufti Street, ☎️ +92 3454 14 28 63. View 3 photo, working hours. Get directions in Yandex Maps.",85,Hot,Google Search,https://yandex.com/maps/org/naveed_medical_store/183060477854/
Trusted Healthcare for 4 Decades,Chughtai Lab – Leading Pathology Lab in Pakistan,"Book Home Sample
View Reports
B2B Partnership
Contact Us
آپکی صحت کا نمبر 24/7
03-111-456-789
Patient Login
About
Lab
Radiology
Clinics
Home Nursing Care
Old Age Care
Pharmacy
International Services
Health Cards
Health Profiles",923111456789,info@chughtailab.com,https://chughtailab.com/,"Posted On November 17, 2025
Understanding Prediabetes: Causes, Risks Factors & How to Reverse It
Prediabetes (or borderline diabetes) is a health condition where blood sugar levels are higher than normal but not yet high enough to be considered diabetes.
read more",,,"Our Central Lab in Lahore is accredited by the College of American Pathologists. ... At Chughtai Lab, we believe in providing more than just medical tests ...",90,Hot,Google Search,https://chughtailab.com/
Pharmacy,Best Pharmacy & Online Medical Store in Pakistan,,927590999898,info@kkmart.pk,https://www.kkmart.pk/collections/pharmacy,,,,"Shop at the best Pharmacy Store in Pakistan! Your trusted online medical shop for affordable medicines, healthcare products, and more.",70,Hot,Google Search,https://www.kkmart.pk/collections/pharmacy
Bashir Sons Pharmacy – Fastest Growing Pharmacy Chain,Bashir Sons Pharmacy – Fastest Growing Pharmacy Chain,2989 active  main,923094440595,info@bashirsonspharmacy.com,https://www.bashirsonspharmacy.com/,,,,Bashir Sons Pharmacy providing 100% Quality Guaranteed to our customers. FREE PHARMACIST CONSULTANCY. Our qualified Pharmacist always available for their ...,85,Hot,Google Search,https://www.bashirsonspharmacy.com/
403 - Forbidden,Fatima Memorial Hospital – Quality Healthcare in Lahore,,,,https://www.fatimamemorial.org.pk/,,,,"... Medicine. The internal medicine department, the backbone of any medical setup is highly developed. . lab. FMH Laboratories. FMH Clinical Laboratory is a 24/7 ...",25,New,Google Search,https://www.fatimamemorial.org.pk/
SR. NAME OF PHARMACY & BRANCH ...,SR. NAME OF PHARMACY & BRANCH ...,,340-9040119,,https://admin.umt.edu.pk/Media/Site/UMT/SubSites/OHCM/FileManager/2022/adamjee/Discount-Center-List.pdf,,,,"Lahore Medical & Dental College. Lahore Medical & Dental College. Canal Bank ... Near Mohid Medical Store, Opposite DHQ Hospital, KDA karak. 0340-9040119.",45,Cold,Google Search,https://admin.umt.edu.pk/Media/Site/UMT/SubSites/OHCM/FileManager/2022/adamjee/Discount-Center-List.pdf
Cantt Medical Store,All Cantt Medical Store Branches in Lahore,0 oQdXW Styled,922222222222,guest@peekaboo.guru,https://peekaboo.guru/lahore/detail/19506/cantt-medical-store/branches,,,,"Active all Cantt Medical Store branches in Lahore, Medical Store in Lahore | Peekaboo Guru.",85,Hot,Google Search,https://peekaboo.guru/lahore/detail/19506/cantt-medical-store/branches
10 Trustworthy Medical Stores and Pharmacies in Lahore,10 Trustworthy Medical Stores and Pharmacies in Lahore,10 Trustworthy Medical Stores and Pharmacies in Lahore,2025111201,,https://blogpakistan.pk/medical-stores-in-lahore/,Health,,,18-Jul-2022 — Best Medical Stores in Lahore · D-Watson · Shaheen Chemist · Al-Chemist · Clinix The Medicine Super Store · Faisal Medical Store · Naveed ...,65,Warm,Google Search,https://blogpakistan.pk/medical-stores-in-lahore/
Medical Stores in Lahore - Pakistan.,"Medical Stores in Lahore,Pakistan","Lohari Gate, Lahore, Pakistan",042-37312004,3958@2x.jpg,https://www.lahore.ebizpk.com/medical-stores-lahore.htm,,,,"Muzaffar Medical Store - Lahore +92-42-37312004 # 7, Imam Din Market, Lohari Gate, Lahore, Pakistan. Tel: 042-37312004, Email: Website:.",85,Hot,Google Search,https://www.lahore.ebizpk.com/medical-stores-lahore.htm
Pakistan Medical Store in Shahdara Lahore,Pakistan Medical Store in Shahdara Lahore,2 characters,925695869501,,https://www.tiktok.com/discover/pakistan-medical-store-in-shahdara-lahore,,,,"7 days ago — Discover the best pharmacies and medical stores in Shahdara, Lahore. Find Clinix Pharmacy near Jinnah Hospital for your medical needs!",60,Warm,Google Search,https://www.tiktok.com/discover/pakistan-medical-store-in-shahdara-lahore
Leading Light for Life!,Pharmacy,11 sepline,3040427313,,https://lahorehealthcare.com/Pharmacy.aspx,,,,A fully stocked pharmacy run by a qualified pharmacist is attached with the clinic. All medicines from leading multinational and national pharmaceutical ...,60,Warm,Google Search,https://lahorehealthcare.com/Pharmacy.aspx
Specialized Healthcare & Medical Education Department: Home,Specialized Healthcare & Medical Education Department: Home,1 Year Diploma,0429920627,info.health@punjab.gov.pk,https://health.punjab.gov.pk/,,,,"Purchase of stores and capital goods for the department. Latest ... 11-A Lawrence Road,Lahore, Punjab,Lahore 54000,Pakistan ( Google Map Link ).",85,Hot,Google Search,https://health.punjab.gov.pk/
Malik Medical Store,,7 x1sy0etr xstzfhl x,924449682236,,https://www.facebook.com/malikmedistore/,,,,Malik Medical Store | Lahore,60,Warm,Google Search,https://www.facebook.com/malikmedistore/
Aziz Medical Store,,"Lahore, Township, Sector B-1, 7A",2979025364,support@maps.yandex.ru,https://yandex.com/maps/org/aziz_medical_store/86574219482/,,,,,85,Hot,Google Search,https://yandex.com/maps/org/aziz_medical_store/86574219482/
Noor Medical Store Lahore,,0 oQdXW Styled,922222222222,guest@peekaboo.guru,https://peekaboo.guru/lahore/detail/29904/noor-medical-store-lahore,,,,,85,Hot,Google Search,https://peekaboo.guru/lahore/detail/29904/noor-medical-store-lahore
"IDAP | Medical Store Depot, Lahore","IDAP | Medical Store Depot, Lahore","ABOUT
TEAM
EXPERTISE
PORTFOLIO
RESOURCES
BLOG
CAREERS
TENDER DOCUMENTS
CONTACT
PROJECT TIMELINE
Medical Store Depot, Lahore
All December, 2017 September, 2017
© 2025 Communications Department IDAP
Terms & Conditions",2020112616,,https://www.idap.pk/project-gallery/medical-store-depot-lahore,,,,"Project Timeline Medical Store Depot, Lahore work-img December, 2017 Health work-img December, 2017 Health work-img December, 2017 Health",60,Warm,Google Search,https://www.idap.pk/project-gallery/medical-store-depot-lahore
Khan Medical Store,Khan Medical Store | Lahore,7 x1sy0etr xstzfhl x,03134124007,,https://www.facebook.com/KhanMedicStore/,,,,Brand new oxygen cylinder Available with home delivery. Call at: 03134124007 #StaySafe · No photo description available. MESSENGER. Khan Medical Store. 󱤄. SEND ...,60,Warm,Google Search,https://www.facebook.com/KhanMedicStore/
Allied Medical Pharmacy,Allied Medical Pharmacy • Lahore • Punjab,"2 Poppins,system",923004704720,,https://nokta.pk/shop/allied-medical-pharmacy,,,,"27-Sept-2025 — Allied Medical Pharmacy, located at 1A Raiwind Road, Ali Town, Lahore, is a trusted pharmacy dedicated to providing genuine medicines, ...",60,Warm,Google Search,https://nokta.pk/shop/allied-medical-pharmacy
Mr Medicine Mart | Trusted Online Pharmacy in Pakistan,Mr Medicine Mart | Trusted Online Pharmacy in Pakistan,2 border px,+923346399879,info@mrmedicinemart.com,https://www.mrmedicinemart.com/,,,,"Mr. Medicine Mart is Pakistan's most trusted online pharmacy, offering a wide range of genuine medicines and healthcare products delivered right to your ...",85,Hot,Google Search,https://www.mrmedicinemart.com/
Quick Links,MANA HEALTHCARE (PVT) LTD. – Your Health Care,,(042) 36553321,Info@manahealthcare.com.pk,https://www.manahealthcare.com.pk/,,,,"2-K.M DAROGHAWALA INDUSTRIAL ESTATE MOMIN PURA ROAD, GHOSIA PARK LAHORE, PAKISTAN; Phone : (042) 36553321; Email Us : Info@manahealthcare.com.pk; Email Us ...",70,Hot,Google Search,https://www.manahealthcare.com.pk/
Springs: Online Grocery Shopping Store in Pakistan,Springs: Online Grocery Shopping Store in Pakistan,13 different product categories,923177774647,springsonline@springs.com.pk,https://springs.com.pk/?srsltid=AfmBOopGLbcjGoRm11nbqhRkXYEa6vpYgaOD0Ip3ODZOAZVklmmeE_Dm,,,,"We deliver fresh essentials to all major cities like Karachi, Lahore ... Medicine · Pain Relief & Pain Killers · Cough, Cold & Flu · Perfumery. Perfumery. Go to ...",85,Hot,Google Search,https://springs.com.pk/?srsltid=AfmBOopGLbcjGoRm11nbqhRkXYEa6vpYgaOD0Ip3ODZOAZVklmmeE_Dm
Where to Buy Medical Equipment in Lahore?,Where to Buy Medical Equipment in Lahore? - Respiratory Zone,4 border,+920319200488,contact@respiratoryzone.pk,https://respiratoryzone.pk/where-to-buy-medical-equipment-in-lahore,,,,"03-Sept-2025 — Whether you need an Oxygen concentrator in Lahore, a CPAP machine in Lahore, or any other medical device, Respiratory Zone offers high-quality ...",85,Hot,Google Search,https://respiratoryzone.pk/where-to-buy-medical-equipment-in-lahore
Medicine Home Delivery in Lahore,Medicine Home Delivery in Lahore,7 CSS Styles,+923104030514,info@mughallabs.com,https://mughallabs.com/medicine-home-delivery/,,,,Mughal Pharmacy offers hassle-free medicine home delivery in Lahore. Get your prescribed medications delivered to your doorstep from a trusted Mughal ...,85,Hot,Google Search,https://mughallabs.com/medicine-home-delivery/
MedShop - Leading Pharmacy in Pakistan,MedShop - Leading Pharmacy in Pakistan,2 MuiListItemText,+923124766437,support@medshoppharmacy.store,https://medshop.com.pk/,,,,"MedShop Pharmacy, inside Farooq Hospital, Westwood colony, Lahore. Pediatric and family medicine pharmacy with vaccination services. Contact on WhatsApp ...",85,Hot,Google Search,https://medshop.com.pk/
