Company Name,Address,Phone,Email,Website,Category,Rating,Reviews Count,Business Hours,Facebook,Instagram,LinkedIn,Twitter,YouTube,TikTok,Social Media Links,Lead Score,Lead Status,Lead Source,Data Completeness
Elegant Properties DHA | Lahore Real Estate & Construction Company,"92- D Commercial Broadway phase 8 Dha Phase 8, Lahore, 54792, Pakistan", 321 4813092,info@elegantdha.com,https://elegantdha.com/,Real estate agent,4.9,,,https://www.facebook.com/lahorelandsrealestateconsultants,https://www.instagram.com/p/cbq-yggjzkj/,https://www.linkedin.com/company/elegant-properties-dha/,,,,Facebook: https://www.facebook.com/lahorelandsrealestateconsultants | Instagram: https://www.instagram.com/p/cbq-yggjzkj/ | LinkedIn: https://www.linkedin.com/company/elegant-properties-dha/,100,Hot,Google Maps,76.9%
HR Estate & Builders DHA Phase 8,"20, DHA Broadway Commercial Sector D DHA Phase 8, Lahore, Pakistan", 320 4474819,info@elegantdha.com,https://elegantdha.com/,Industrial real estate agency,4.9,,,https://www.facebook.com/lahorelandsrealestateconsultants,https://www.instagram.com/p/cbq-yggjzkj/,https://www.linkedin.com/company/elegant-properties-dha/,,,,Facebook: https://www.facebook.com/lahorelandsrealestateconsultants | Instagram: https://www.instagram.com/p/cbq-yggjzkj/ | LinkedIn: https://www.linkedin.com/company/elegant-properties-dha/,100,Hot,Google Maps,76.9%
BSM Developers Pvt. Limited,"56-D, Phase 8, D.H.A. Commercial Broadway DHA, Lahore, 54792, Pakistan",0423713764,contact@bsmdevelopers.com,http://bsmdevelopers.com/,Real estate developer,4.9,,,https://www.facebook.com/lahorelandsrealestateconsultants,https://www.instagram.com/p/cbq-yggjzkj/,,,https://www.youtube.com/@bsmdevelopers,,Facebook: https://www.facebook.com/lahorelandsrealestateconsultants | Instagram: https://www.instagram.com/p/cbq-yggjzkj/ | YouTube: https://www.youtube.com/@bsmdevelopers,100,Hot,Google Maps,76.9%
Emarat Real Estate & Developers,"2nd Floor, 113-A Broadway Commercial, D.H.A. Commercial Broadway DHA Phase 8, Lahore, Pakistan", 304 5980000,info@elegantdha.com,https://elegantdha.com/,Real estate developer,4.9,,,https://www.facebook.com/lahorelandsrealestateconsultants,https://www.instagram.com/p/cbq-yggjzkj/,https://www.linkedin.com/company/elegant-properties-dha/,,,,Facebook: https://www.facebook.com/lahorelandsrealestateconsultants | Instagram: https://www.instagram.com/p/cbq-yggjzkj/ | LinkedIn: https://www.linkedin.com/company/elegant-properties-dha/,100,Hot,Google Maps,76.9%
A1 Estate Developers and Builders,"153/5 Sector A, Commercial Broadway DHA Phase 8, Lahore, Pakistan", 315 5863580,,https://a1estatedevelopers.com/,Real estate consultant,4.9,,,https://www.facebook.com/lahorelandsrealestateconsultants,https://www.instagram.com/p/cbq-yggjzkj/,,,,,Facebook: https://www.facebook.com/lahorelandsrealestateconsultants | Instagram: https://www.instagram.com/p/cbq-yggjzkj/,84,Hot,Google Maps,61.5%
Corporate Office Al-Raheem Developer,"87-A, Commercial Broadway DHA Phase 8, Lahore, 54000, Pakistan",0421112732,info@elegantdha.com,https://elegantdha.com/,Real estate developer,4.9,,,https://www.facebook.com/lahorelandsrealestateconsultants,https://www.instagram.com/p/cbq-yggjzkj/,https://www.linkedin.com/company/elegant-properties-dha/,,,,Facebook: https://www.facebook.com/lahorelandsrealestateconsultants | Instagram: https://www.instagram.com/p/cbq-yggjzkj/ | LinkedIn: https://www.linkedin.com/company/elegant-properties-dha/,100,Hot,Google Maps,76.9%
Ze Land Developers Pvt Limited,"17 CCA, DHA Phase 8 - Ex Park View Lahore, 54000, Pakistan", 345 4444980,info@elegantdha.com,https://elegantdha.com/,Real estate developer,4.9,,,https://www.facebook.com/lahorelandsrealestateconsultants,https://www.instagram.com/p/cbq-yggjzkj/,https://www.linkedin.com/company/elegant-properties-dha/,,,,Facebook: https://www.facebook.com/lahorelandsrealestateconsultants | Instagram: https://www.instagram.com/p/cbq-yggjzkj/ | LinkedIn: https://www.linkedin.com/company/elegant-properties-dha/,100,Hot,Google Maps,76.9%
RBS Royal Business Solution Real Estate and Builders,"Street D-133, D.H.A. Phase 8, DHA Commercial Broadway, Lahore, 46000, Pakistan", 304 5834567,,http://www.rbsland.com/,Real estate agency,4.9,,,https://www.facebook.com/lahorelandsrealestateconsultants,https://www.instagram.com/p/cbq-yggjzkj/,,,,,Facebook: https://www.facebook.com/lahorelandsrealestateconsultants | Instagram: https://www.instagram.com/p/cbq-yggjzkj/,84,Hot,Google Maps,61.5%
Yasir Brothers Real Estate,"170-C DHA Phase 8, Road, Commercial Broadway Punjab, Lahore, 54000, Pakistan", 321 0777907,info@elegantdha.com,https://elegantdha.com/,Real estate developer,4.9,,,https://www.facebook.com/lahorelandsrealestateconsultants,https://www.instagram.com/p/cbq-yggjzkj/,https://www.linkedin.com/company/elegant-properties-dha/,,,,Facebook: https://www.facebook.com/lahorelandsrealestateconsultants | Instagram: https://www.instagram.com/p/cbq-yggjzkj/ | LinkedIn: https://www.linkedin.com/company/elegant-properties-dha/,100,Hot,Google Maps,76.9%
Safari Garden Office DHA Phase-8,"140/1-BWC, Phase-8C DHA, Lahore, 54000, Pakistan",0421119991,info@safarigarden.pk,https://www.safarigarden.pk/,Real estate developer,4.9,,,https://www.facebook.com/lahorelandsrealestateconsultants,https://www.instagram.com/p/cbq-yggjzkj/,https://www.linkedin.com/company/safari-garden-housing-scheme-official/,,https://www.youtube.com/s/player/89e685a2/www-widgetapi.vflset/www-widgetapi.js,,Facebook: https://www.facebook.com/lahorelandsrealestateconsultants | Instagram: https://www.instagram.com/p/cbq-yggjzkj/ | LinkedIn: https://www.linkedin.com/company/safari-garden-housing-scheme-official/ | YouTube: https://www.youtube.com/s/player/89e685a2/www-widgetapi.vflset/www-widgetapi.js,100,Hot,Google Maps,84.6%
Lahore Lands Real Estate | Consultants | Contractors | Builders,"67 CCA2, Sector W DHA Phase 8, Lahore, Pakistan", 302 8409200,,https://www.facebook.com/LahoreLandsRealEstateConsultants,Property management company,4.9,,,https://www.facebook.com/lahorelandsrealestateconsultants,https://www.instagram.com/p/cbq-yggjzkj/,,,,,Facebook: https://www.facebook.com/lahorelandsrealestateconsultants | Instagram: https://www.instagram.com/p/cbq-yggjzkj/,84,Hot,Google Maps,61.5%
Earth Inn Estate and Developers,"141-A Broadway Commercial, D.H.A. Commercial Broadway DHA Phase 8, Lahore, Pakistan", 309 0500006,info@elegantdha.com,https://elegantdha.com/,Real estate consultant,4.9,,,https://www.facebook.com/lahorelandsrealestateconsultants,https://www.instagram.com/p/cbq-yggjzkj/,https://www.linkedin.com/company/elegant-properties-dha/,,,,Facebook: https://www.facebook.com/lahorelandsrealestateconsultants | Instagram: https://www.instagram.com/p/cbq-yggjzkj/ | LinkedIn: https://www.linkedin.com/company/elegant-properties-dha/,100,Hot,Google Maps,76.9%
New City Paradise Lahore Head Office,"112-A Broadway Commercial, D.H.A. Commercial Broadway DHA Phase 8, Lahore, 54000, Pakistan", 318 9999999,info@newcityparadiselahore.com,https://newcityparadiselahore.com/,Real estate developer,4.9,,,https://www.facebook.com/lahorelandsrealestateconsultants,https://www.instagram.com/p/cbq-yggjzkj/,,,https://www.youtube.com/@newcityparadise,,Facebook: https://www.facebook.com/lahorelandsrealestateconsultants | Instagram: https://www.instagram.com/p/cbq-yggjzkj/ | YouTube: https://www.youtube.com/@newcityparadise,100,Hot,Google Maps,76.9%
Lahore Times Square (LTS),"111-D Commercial Broadway, DHA Phase 8, Lahore, Pakistan",(100) 000-0014,info@elegantdha.com,https://elegantdha.com/,Real estate developer,4.9,,,https://www.facebook.com/lahorelandsrealestateconsultants,https://www.instagram.com/p/cbq-yggjzkj/,https://www.linkedin.com/company/elegant-properties-dha/,,,,Facebook: https://www.facebook.com/lahorelandsrealestateconsultants | Instagram: https://www.instagram.com/p/cbq-yggjzkj/ | LinkedIn: https://www.linkedin.com/company/elegant-properties-dha/,100,Hot,Google Maps,76.9%
CYN Developers Pvt. Limited,"114-D, DHA Phase 8 DHA Commercial Broadway, Lahore, 54792, Pakistan",0421112222,info@cyndevelopers.com,https://cyndevelopers.com/,Industrial real estate agency,4.9,,,https://www.facebook.com/lahorelandsrealestateconsultants,https://www.instagram.com/p/cbq-yggjzkj/,https://www.linkedin.com/company/cyn-developers/,,https://www.youtube.com/@cyn.developers,https://www.tiktok.com/@cyndevelopers,Facebook: https://www.facebook.com/lahorelandsrealestateconsultants | Instagram: https://www.instagram.com/p/cbq-yggjzkj/ | LinkedIn: https://www.linkedin.com/company/cyn-developers/ | YouTube: https://www.youtube.com/@cyn.developers | TikTok: https://www.tiktok.com/@cyndevelopers,100,Hot,Google Maps,92.3%
Daisy Developers,"Building # 138, Block C, Broadway Commercial, DHA Phase 8, Lahore DHA Phase 8, Lahore, 54792, Pakistan", 321 4555888,,http://www.daisydevelopers.com/,Real estate developer,4.9,,,https://www.facebook.com/lahorelandsrealestateconsultants,https://www.instagram.com/p/cbq-yggjzkj/,,,,,Facebook: https://www.facebook.com/lahorelandsrealestateconsultants | Instagram: https://www.instagram.com/p/cbq-yggjzkj/,84,Hot,Google Maps,61.5%
Burj ESTATE,"y, Service Road, ring near Sector Y DHA Phase 8, Lahore, 54400, Pakistan", 300 8462125,,https://www.burjestate.com/,Real estate developer,4.9,,,https://www.facebook.com/lahorelandsrealestateconsultants,https://www.instagram.com/p/cbq-yggjzkj/,,,,,Facebook: https://www.facebook.com/lahorelandsrealestateconsultants | Instagram: https://www.instagram.com/p/cbq-yggjzkj/,84,Hot,Google Maps,61.5%
US Builders & Consultants,"Building No. D, 118 Broadway Commercial, D.H.A. Commercial Broadway DHA Phase 8, Lahore, 54792, Pakistan", 304 1114414,,http://www.usbuilderspk.com/,Real estate consultant,4.9,,,https://www.facebook.com/lahorelandsrealestateconsultants,https://www.instagram.com/p/cbq-yggjzkj/,,,,,Facebook: https://www.facebook.com/lahorelandsrealestateconsultants | Instagram: https://www.instagram.com/p/cbq-yggjzkj/,84,Hot,Google Maps,61.5%
Sufian Sarim Estate and Builders,"Building No 21, Broadway Commercial, Block B DHA Phase 8, Lahore, 54000, Pakistan", 321 8425551,info@elegantdha.com,https://elegantdha.com/,Real estate consultant,4.9,,,https://www.facebook.com/lahorelandsrealestateconsultants,https://www.instagram.com/p/cbq-yggjzkj/,https://www.linkedin.com/company/elegant-properties-dha/,,,,Facebook: https://www.facebook.com/lahorelandsrealestateconsultants | Instagram: https://www.instagram.com/p/cbq-yggjzkj/ | LinkedIn: https://www.linkedin.com/company/elegant-properties-dha/,100,Hot,Google Maps,76.9%
DHA PHASE 8 BROADWAY,+92 321 8422212, 321 8422212,info@elegantdha.com,https://elegantdha.com/,Real estate agency,4.9,,,https://www.facebook.com/lahorelandsrealestateconsultants,https://www.instagram.com/p/cbq-yggjzkj/,https://www.linkedin.com/company/elegant-properties-dha/,,,,Facebook: https://www.facebook.com/lahorelandsrealestateconsultants | Instagram: https://www.instagram.com/p/cbq-yggjzkj/ | LinkedIn: https://www.linkedin.com/company/elegant-properties-dha/,100,Hot,Google Maps,76.9%
Hilton Developers,"20 D, D.H.A. Commercial Broadway DHA Phase 8, Lahore, Pakistan", 321 4105435,info@elegantdha.com,https://elegantdha.com/,Real estate developer,4.9,,,https://www.facebook.com/lahorelandsrealestateconsultants,https://www.instagram.com/p/cbq-yggjzkj/,https://www.linkedin.com/company/elegant-properties-dha/,,,,Facebook: https://www.facebook.com/lahorelandsrealestateconsultants | Instagram: https://www.instagram.com/p/cbq-yggjzkj/ | LinkedIn: https://www.linkedin.com/company/elegant-properties-dha/,100,Hot,Google Maps,76.9%
NIKZN Real Estate & Developers,"140/13-C Broadway, D.H.A. Commercial Broadway DHA Phase 8, Lahore, 54000, Pakistan", 333 3133000,info@elegantdha.com,https://elegantdha.com/,Real estate consultant,4.9,,,https://www.facebook.com/lahorelandsrealestateconsultants,https://www.instagram.com/p/cbq-yggjzkj/,https://www.linkedin.com/company/elegant-properties-dha/,,,,Facebook: https://www.facebook.com/lahorelandsrealestateconsultants | Instagram: https://www.instagram.com/p/cbq-yggjzkj/ | LinkedIn: https://www.linkedin.com/company/elegant-properties-dha/,100,Hot,Google Maps,76.9%
Invision Properties & Builders,"GC2P+7R, Sector U DHA Phase 8, Lahore, Pakistan",(100) 000-0014,info@ivpb.pk,http://www.ivpb.pk/,Real estate agency,4.9,,,https://www.facebook.com/lahorelandsrealestateconsultants,https://www.instagram.com/p/cbq-yggjzkj/,,,,,Facebook: https://www.facebook.com/lahorelandsrealestateconsultants | Instagram: https://www.instagram.com/p/cbq-yggjzkj/,100,Hot,Google Maps,69.2%
Century Properties Pakistan | Head Office,"1st Floor, Plaza 18, Commercial Plaza, Block B Sector B DHA Phase 8, Lahore, 54000, Pakistan", 342 1115544,info@centurypropertiespk.com,https://centurypropertiespk.com/,Real estate consultant,4.9,,,https://www.facebook.com/lahorelandsrealestateconsultants,https://www.instagram.com/p/cbq-yggjzkj/,,https://x.com/century_prop,https://www.youtube.com/channel/ucel97wpnoblingactvabyug,https://www.tiktok.com/@centurypropertiespk,Facebook: https://www.facebook.com/lahorelandsrealestateconsultants | Instagram: https://www.instagram.com/p/cbq-yggjzkj/ | Twitter: https://x.com/century_prop | YouTube: https://www.youtube.com/channel/ucel97wpnoblingactvabyug | TikTok: https://www.tiktok.com/@centurypropertiespk,100,Hot,Google Maps,92.3%
Lahore Smart City Pvt Ltd,"88-C, Commercial Broadway DHA Phase 8, Lahore, 54792, Pakistan",0423570078,sales@lahoresmartcitypk.com,https://www.lahoresmartcitypk.com/,Real estate agency,4.9,,,https://www.facebook.com/lahorelandsrealestateconsultants,https://www.instagram.com/p/cbq-yggjzkj/,,http://www.twitter.com/lahoresmartcity,https://www.youtube.com/@lahoresmartcity,,Facebook: https://www.facebook.com/lahorelandsrealestateconsultants | Instagram: https://www.instagram.com/p/cbq-yggjzkj/ | Twitter: http://www.twitter.com/lahoresmartcity | YouTube: https://www.youtube.com/@lahoresmartcity,100,Hot,Google Maps,84.6%
Qalander Estate And Builders,"W c 7, Sector W DHA Phase 8, Lahore, Pakistan", 322 7547777,info@elegantdha.com,https://elegantdha.com/,Real estate developer,4.9,,,https://www.facebook.com/lahorelandsrealestateconsultants,https://www.instagram.com/p/cbq-yggjzkj/,https://www.linkedin.com/company/elegant-properties-dha/,,,,Facebook: https://www.facebook.com/lahorelandsrealestateconsultants | Instagram: https://www.instagram.com/p/cbq-yggjzkj/ | LinkedIn: https://www.linkedin.com/company/elegant-properties-dha/,100,Hot,Google Maps,76.9%
Sarim Reall estate and Builders,"Broadway commercial, A Sector T DHA Phase 8, Lahore, 54000, Pakistan", 305 4597658,info@elegantdha.com,https://elegantdha.com/,Real estate agency,4.9,,,https://www.facebook.com/lahorelandsrealestateconsultants,https://www.instagram.com/p/cbq-yggjzkj/,https://www.linkedin.com/company/elegant-properties-dha/,,,,Facebook: https://www.facebook.com/lahorelandsrealestateconsultants | Instagram: https://www.instagram.com/p/cbq-yggjzkj/ | LinkedIn: https://www.linkedin.com/company/elegant-properties-dha/,100,Hot,Google Maps,76.9%
Strong Builders,"Mezzanine 118 D, DHA Phase 8, Lahore, 54000, Pakistan", 333 1663322,,https://strongbuilders32.wixsite.com/strong-builders,Real estate developer,4.9,,,https://www.facebook.com/lahorelandsrealestateconsultants,https://www.instagram.com/p/cbq-yggjzkj/,,https://x.com/lpviral/enviral,,,Facebook: https://www.facebook.com/lahorelandsrealestateconsultants | Instagram: https://www.instagram.com/p/cbq-yggjzkj/ | Twitter: https://x.com/lpviral/enviral,86,Hot,Google Maps,69.2%
Crown Realtors & Developers,"134 C broadway commercial phase 8 Dha 8, Lahore, 54000, Pakistan", 321 4007811,info@elegantdha.com,https://elegantdha.com/,Real estate consultant,4.9,,,https://www.facebook.com/lahorelandsrealestateconsultants,https://www.instagram.com/p/cbq-yggjzkj/,https://www.linkedin.com/company/elegant-properties-dha/,,,,Facebook: https://www.facebook.com/lahorelandsrealestateconsultants | Instagram: https://www.instagram.com/p/cbq-yggjzkj/ | LinkedIn: https://www.linkedin.com/company/elegant-properties-dha/,100,Hot,Google Maps,76.9%
ARD Developers Head Office,"175-C Broadway Commercial, D.H.A. Commercial Broadway DHA Phase 8, Lahore, 54000, Pakistan",(100) 000-0014,info@theardglobal.com,https://arddevelopers.com/,Real estate developer,4.9,,,https://www.facebook.com/lahorelandsrealestateconsultants,https://www.instagram.com/p/cbq-yggjzkj/,https://linkedin.com/company/arddevelopers,,https://www.youtube.com/watch,https://www.tiktok.com/@arddevelopers,Facebook: https://www.facebook.com/lahorelandsrealestateconsultants | Instagram: https://www.instagram.com/p/cbq-yggjzkj/ | LinkedIn: https://linkedin.com/company/arddevelopers | YouTube: https://www.youtube.com/watch | TikTok: https://www.tiktok.com/@arddevelopers,100,Hot,Google Maps,92.3%
Mohsin Estate & Builders DHA Lahore,"Basement of Plaza.37, Sector A Commercial Area Phase 6 DHA, Lahore, 54792, Pakistan", 321 4585462,admin@mohsinestate.com,https://mohsinestate.com/,Real estate agent,4.9,,,https://www.facebook.com/lahorelandsrealestateconsultants,https://www.instagram.com/p/cbq-yggjzkj/,https://www.linkedin.com/in/mohsin-abbas-44a6b7282,https://twitter.com/smohsinabbass,https://youtube.com/shorts/wv_ecgdvwdy,https://www.tiktok.com/@mohsinestate.com,Facebook: https://www.facebook.com/lahorelandsrealestateconsultants | Instagram: https://www.instagram.com/p/cbq-yggjzkj/ | LinkedIn: https://www.linkedin.com/in/mohsin-abbas-44a6b7282 | Twitter: https://twitter.com/smohsinabbass | YouTube: https://youtube.com/shorts/wv_ecgdvwdy | TikTok: https://www.tiktok.com/@mohsinestate.com,100,Hot,Google Maps,100.0%
The Deal Makers Real Estate & Builders,"140/13 C, Block C DHA Phase 8, Lahore, 54792, Pakistan", 313 7474574,,http://thedealmakers.pk/,Real estate agency,4.9,,,https://www.facebook.com/lahorelandsrealestateconsultants,https://www.instagram.com/p/cbq-yggjzkj/,,,,,Facebook: https://www.facebook.com/lahorelandsrealestateconsultants | Instagram: https://www.instagram.com/p/cbq-yggjzkj/,84,Hot,Google Maps,61.5%
zk group real estate,"GC2J+8GV, Block C DHA Phase 8, Lahore, 54000, Pakistan", 321 4488830,info@elegantdha.com,https://elegantdha.com/,Real estate developer,4.9,,,https://www.facebook.com/lahorelandsrealestateconsultants,https://www.instagram.com/p/cbq-yggjzkj/,https://www.linkedin.com/company/elegant-properties-dha/,,,,Facebook: https://www.facebook.com/lahorelandsrealestateconsultants | Instagram: https://www.instagram.com/p/cbq-yggjzkj/ | LinkedIn: https://www.linkedin.com/company/elegant-properties-dha/,100,Hot,Google Maps,76.9%
Vantage Developers,"97-A, Commercial Broadway DHA Phase 8, Lahore, Pakistan",(100) 000-0014,info@vantagedevelopers.com.pk,https://vantagedevelopers.com.pk/,Real estate developer,4.9,,,https://www.facebook.com/lahorelandsrealestateconsultants,https://www.instagram.com/p/cbq-yggjzkj/,https://www.linkedin.com/company/vantage-developers-pk/,https://twitter.com/vantagedevspk,https://youtube.com/@vantagedeveloperspk,,Facebook: https://www.facebook.com/lahorelandsrealestateconsultants | Instagram: https://www.instagram.com/p/cbq-yggjzkj/ | LinkedIn: https://www.linkedin.com/company/vantage-developers-pk/ | Twitter: https://twitter.com/vantagedevspk | YouTube: https://youtube.com/@vantagedeveloperspk,100,Hot,Google Maps,92.3%
Lahore Smart City - Lion Group,"113 - B BROADWAY, Block B DHA Phase 8, Lahore, 54000, Pakistan", 322 4111168,info@lionhdb.com,https://lionhdb.com/lahore-smart-city/,Real estate agency,4.9,,,https://www.facebook.com/lahorelandsrealestateconsultants,https://www.instagram.com/p/cbq-yggjzkj/,https://www.linkedin.com/company/lion-home-design-build,https://twitter.com/lionhdbproperty,https://www.youtube.com/channel/uczylellinwnh0iwxdamdxbw,https://www.tiktok.com/@lionhdb,Facebook: https://www.facebook.com/lahorelandsrealestateconsultants | Instagram: https://www.instagram.com/p/cbq-yggjzkj/ | LinkedIn: https://www.linkedin.com/company/lion-home-design-build | Twitter: https://twitter.com/lionhdbproperty | YouTube: https://www.youtube.com/channel/uczylellinwnh0iwxdamdxbw | TikTok: https://www.tiktok.com/@lionhdb,100,Hot,Google Maps,100.0%
Next Level Real Estate Lahore,"D-118, 3rd floor BWD DHA Phase 8C, DHA Commercial Broadway, Lahore, 54000, Pakistan", 301 0181850,info@elegantdha.com,https://elegantdha.com/,Real estate agency,4.9,,,https://www.facebook.com/lahorelandsrealestateconsultants,https://www.instagram.com/p/cbq-yggjzkj/,https://www.linkedin.com/company/elegant-properties-dha/,,,,Facebook: https://www.facebook.com/lahorelandsrealestateconsultants | Instagram: https://www.instagram.com/p/cbq-yggjzkj/ | LinkedIn: https://www.linkedin.com/company/elegant-properties-dha/,100,Hot,Google Maps,76.9%
AL BARKAT REAL ESTATE AND BUILDERS,"23 MB 4th Floor, Sector B DHA Phase 6, Lahore, 54000, Pakistan", 300 0842222,info@albarkatrealestate.com,https://www.albarkatrealestate.com/,Real estate consultant,4.9,,,https://www.facebook.com/lahorelandsrealestateconsultants,https://www.instagram.com/p/cbq-yggjzkj/,,,https://www.youtube.com/@albarkatrealestateandbuilders,,Facebook: https://www.facebook.com/lahorelandsrealestateconsultants | Instagram: https://www.instagram.com/p/cbq-yggjzkj/ | YouTube: https://www.youtube.com/@albarkatrealestateandbuilders,100,Hot,Google Maps,76.9%
Bilal Estate Advisor,"Ex Park View, 173 DHA Phase 8-Ex Main Blvd، DHA Phase 8, Block D Park View CHS, Lahore, Pakistan",(100) 000-0014,info@elegantdha.com,https://elegantdha.com/,Real estate developer,4.9,,,https://www.facebook.com/lahorelandsrealestateconsultants,https://www.instagram.com/p/cbq-yggjzkj/,https://www.linkedin.com/company/elegant-properties-dha/,,,,Facebook: https://www.facebook.com/lahorelandsrealestateconsultants | Instagram: https://www.instagram.com/p/cbq-yggjzkj/ | LinkedIn: https://www.linkedin.com/company/elegant-properties-dha/,100,Hot,Google Maps,76.9%
ARD Lounge,"Ground Floor, 248-C، Street 8, DHA Commercial Broadway, Lahore, Pakistan", 334 1888888,info@theardglobal.com,https://arddevelopers.com/,Real estate developer,4.9,,,https://www.facebook.com/lahorelandsrealestateconsultants,https://www.instagram.com/p/cbq-yggjzkj/,https://linkedin.com/company/arddevelopers,,https://www.youtube.com/watch,https://www.tiktok.com/@arddevelopers,Facebook: https://www.facebook.com/lahorelandsrealestateconsultants | Instagram: https://www.instagram.com/p/cbq-yggjzkj/ | LinkedIn: https://linkedin.com/company/arddevelopers | YouTube: https://www.youtube.com/watch | TikTok: https://www.tiktok.com/@arddevelopers,100,Hot,Google Maps,92.3%
Azam Real Estate,"14 Agora Commercial Phase 8, DHA Phase 8 - Ex Air Avenue Block A Eden City, Lahore, 54000, Pakistan", 300 8039311,,http://www.azamrealestate.com.pk/,Commercial real estate agency,4.9,,"
Open 24 hours
See more hours
",https://www.facebook.com/lahorelandsrealestateconsultants,https://www.instagram.com/p/cbq-yggjzkj/,,,,,Facebook: https://www.facebook.com/lahorelandsrealestateconsultants | Instagram: https://www.instagram.com/p/cbq-yggjzkj/,84,Hot,Google Maps,61.5%
Shahbaz Estate,"3 W, CCA 2 DHA Phase 8, Lahore, 54792, Pakistan", 321 9477118,,https://shahbazestate.net/,Real estate agency,4.9,,,https://www.facebook.com/lahorelandsrealestateconsultants,https://www.instagram.com/p/cbq-yggjzkj/,http://linkedin.com/in/syed-shahbaz-riaz-b01a4535b,,https://youtube.com/@shahbazestateandbuilders,http://www.tiktok.com/@shahbazestateandbuilders,Facebook: https://www.facebook.com/lahorelandsrealestateconsultants | Instagram: https://www.instagram.com/p/cbq-yggjzkj/ | LinkedIn: http://linkedin.com/in/syed-shahbaz-riaz-b01a4535b | YouTube: https://youtube.com/@shahbazestateandbuilders | TikTok: http://www.tiktok.com/@shahbazestateandbuilders,90,Hot,Google Maps,84.6%
Property Matters ️ ( A Project of ZIBAQ Group ),"90 & 91 Fairways Commercial, Defence Raya Golf Resort Sector M DHA Phase 6, Lahore, 54000, Pakistan", 316 7303977,info@propertymatters7.com,https://propertymatters7.com/,Real estate developer,4.9,,,https://www.facebook.com/lahorelandsrealestateconsultants,https://www.instagram.com/p/cbq-yggjzkj/,,,https://www.youtube.com/c/propertymatters,https://www.tiktok.com/@propertymatters7,Facebook: https://www.facebook.com/lahorelandsrealestateconsultants | Instagram: https://www.instagram.com/p/cbq-yggjzkj/ | YouTube: https://www.youtube.com/c/propertymatters | TikTok: https://www.tiktok.com/@propertymatters7,100,Hot,Google Maps,84.6%
Lion's Real Estate & Developers,"157-MB, Sector J DHA Phase 6, Lahore, 54000, Pakistan", 322 9111129,info@elegantdha.com,https://elegantdha.com/,Real estate developer,4.9,,,https://www.facebook.com/lahorelandsrealestateconsultants,https://www.instagram.com/p/cbq-yggjzkj/,https://www.linkedin.com/company/elegant-properties-dha/,,,,Facebook: https://www.facebook.com/lahorelandsrealestateconsultants | Instagram: https://www.instagram.com/p/cbq-yggjzkj/ | LinkedIn: https://www.linkedin.com/company/elegant-properties-dha/,100,Hot,Google Maps,76.9%
"Lyallpur Properties – DHA Real Estate, Residential, Commercial & Construction Experts","347-MB, DHA Phase 6, 54810, Pakistan", 321 8444094,,https://lyallpurproperties.com/,Real estate agent,4.9,,,https://www.facebook.com/lahorelandsrealestateconsultants,https://www.instagram.com/p/cbq-yggjzkj/,,,https://www.youtube.com/watch,,Facebook: https://www.facebook.com/lahorelandsrealestateconsultants | Instagram: https://www.instagram.com/p/cbq-yggjzkj/ | YouTube: https://www.youtube.com/watch,86,Hot,Google Maps,69.2%
Ab Group Markeeting & Builders,"D–173 4th Floor Dha phase 8, Lahore, 54000, Pakistan", 300 7222155,info@elegantdha.com,https://elegantdha.com/,Real estate developer,4.9,,,https://www.facebook.com/lahorelandsrealestateconsultants,https://www.instagram.com/p/cbq-yggjzkj/,https://www.linkedin.com/company/elegant-properties-dha/,,,,Facebook: https://www.facebook.com/lahorelandsrealestateconsultants | Instagram: https://www.instagram.com/p/cbq-yggjzkj/ | LinkedIn: https://www.linkedin.com/company/elegant-properties-dha/,100,Hot,Google Maps,76.9%
ESTATE PLANNERS,"ground floor, Commercial Area Plaza, 18 CCA2, Commercial phase-8 DHA Phase 3, Lahore, 54000, Pakistan", 321 4949475,info@elegantdha.com,https://elegantdha.com/,Property management company,4.9,,,https://www.facebook.com/lahorelandsrealestateconsultants,https://www.instagram.com/p/cbq-yggjzkj/,https://www.linkedin.com/company/elegant-properties-dha/,,,,Facebook: https://www.facebook.com/lahorelandsrealestateconsultants | Instagram: https://www.instagram.com/p/cbq-yggjzkj/ | LinkedIn: https://www.linkedin.com/company/elegant-properties-dha/,100,Hot,Google Maps,76.9%
Group 100,"GC3F+GRC, Block A DHA Phase 8, Lahore, Pakistan",0421111002,info@elegantdha.com,https://elegantdha.com/,Real estate consultant,4.9,,,https://www.facebook.com/lahorelandsrealestateconsultants,https://www.instagram.com/p/cbq-yggjzkj/,https://www.linkedin.com/company/elegant-properties-dha/,,,,Facebook: https://www.facebook.com/lahorelandsrealestateconsultants | Instagram: https://www.instagram.com/p/cbq-yggjzkj/ | LinkedIn: https://www.linkedin.com/company/elegant-properties-dha/,100,Hot,Google Maps,76.9%
HSA Properties,"broadway commercial, 149 C, DHA Phase 8, Pakistan", 304 1115472,Info@hsa-properties.com,http://hsa-properties.com/,Real estate developer,4.9,,,https://www.facebook.com/lahorelandsrealestateconsultants,https://www.instagram.com/p/cbq-yggjzkj/,,,https://www.youtube.com/watch,,Facebook: https://www.facebook.com/lahorelandsrealestateconsultants | Instagram: https://www.instagram.com/p/cbq-yggjzkj/ | YouTube: https://www.youtube.com/watch,100,Hot,Google Maps,76.9%
Al Mumtaz Estate - DHA Lahore | Plots & Houses For Sale,"244 Broadway, Commercial Phase 8 DHA Commercial Broadway, Lahore, 54500, Pakistan", 312 4074573,info@almumtazestate.com,https://almumtazestate.com/,Real estate agent,4.9,,,https://www.facebook.com/lahorelandsrealestateconsultants,https://www.instagram.com/p/cbq-yggjzkj/,https://linkedin.com/company/almumtazestate,,http://www.youtube.com/@almumtazestates,https://www.tiktok.com/@almumtazestate,Facebook: https://www.facebook.com/lahorelandsrealestateconsultants | Instagram: https://www.instagram.com/p/cbq-yggjzkj/ | LinkedIn: https://linkedin.com/company/almumtazestate | YouTube: http://www.youtube.com/@almumtazestates | TikTok: https://www.tiktok.com/@almumtazestate,100,Hot,Google Maps,92.3%
AMS Land Developers,"332-A, MB, Sector A DHA Phase 6, Lahore, 54000, Pakistan", 321 8111710,,https://www.amslanddevelopers.com/,Real estate agency,4.9,,,https://www.facebook.com/lahorelandsrealestateconsultants,https://www.instagram.com/p/cbq-yggjzkj/,,,,,Facebook: https://www.facebook.com/lahorelandsrealestateconsultants | Instagram: https://www.instagram.com/p/cbq-yggjzkj/,84,Hot,Google Maps,61.5%
Afridi Real Estate And Builder,"2nd Floor, Plaza # 17, Main Blvd, Sector B DHA Phase 6, Lahore, 54000, Pakistan", 321 4555222,info@elegantdha.com,https://elegantdha.com/,Real estate developer,4.9,,,https://www.facebook.com/lahorelandsrealestateconsultants,https://www.instagram.com/p/cbq-yggjzkj/,https://www.linkedin.com/company/elegant-properties-dha/,,,,Facebook: https://www.facebook.com/lahorelandsrealestateconsultants | Instagram: https://www.instagram.com/p/cbq-yggjzkj/ | LinkedIn: https://www.linkedin.com/company/elegant-properties-dha/,100,Hot,Google Maps,76.9%
Grand Bhopal City (Head Office),"16-C, Commercial Broadway, DHA Phase 8, Lahore, 54000, Pakistan", 334 9990000,info@elegantdha.com,https://elegantdha.com/,Real estate developer,4.9,,,https://www.facebook.com/lahorelandsrealestateconsultants,https://www.instagram.com/p/cbq-yggjzkj/,https://www.linkedin.com/company/elegant-properties-dha/,,,,Facebook: https://www.facebook.com/lahorelandsrealestateconsultants | Instagram: https://www.instagram.com/p/cbq-yggjzkj/ | LinkedIn: https://www.linkedin.com/company/elegant-properties-dha/,100,Hot,Google Maps,76.9%
Al Qaiser Estate & Builders,"DHA, Broadway, C, Commercial DHA Phase 8, Lahore, 54000, Pakistan", 306 1110081,info@elegantdha.com,https://elegantdha.com/,Real estate agency,4.9,,,https://www.facebook.com/lahorelandsrealestateconsultants,https://www.instagram.com/p/cbq-yggjzkj/,https://www.linkedin.com/company/elegant-properties-dha/,,,,Facebook: https://www.facebook.com/lahorelandsrealestateconsultants | Instagram: https://www.instagram.com/p/cbq-yggjzkj/ | LinkedIn: https://www.linkedin.com/company/elegant-properties-dha/,100,Hot,Google Maps,76.9%
Ahmed Marketing,"Plaza No.84, Broadway Commercial, Block A DHA Phase 8, Lahore, Pakistan", 321 4018800,info@elegantdha.com,https://elegantdha.com/,Real estate developer,4.9,,,https://www.facebook.com/lahorelandsrealestateconsultants,https://www.instagram.com/p/cbq-yggjzkj/,https://www.linkedin.com/company/elegant-properties-dha/,,,,Facebook: https://www.facebook.com/lahorelandsrealestateconsultants | Instagram: https://www.instagram.com/p/cbq-yggjzkj/ | LinkedIn: https://www.linkedin.com/company/elegant-properties-dha/,100,Hot,Google Maps,76.9%
New Kings Lane Head Office,"250c Broadway Main Blvd, D.H.A. Commercial Broadway DHA Phase 8, Lahore, Pakistan", 311 1100877,,http://www.newkingslane.com/,Real estate developer,4.9,,,https://www.facebook.com/lahorelandsrealestateconsultants,https://www.instagram.com/p/cbq-yggjzkj/,,,,,Facebook: https://www.facebook.com/lahorelandsrealestateconsultants | Instagram: https://www.instagram.com/p/cbq-yggjzkj/,84,Hot,Google Maps,61.5%
The Masters Real Estate,"2nd floor 149-B Broadway Commercial, DHA Phase 8, Lahore, 54792, Pakistan", 304 1115675,info@website.com,https://themrl.com/,Real estate agency,4.9,,,https://www.facebook.com/lahorelandsrealestateconsultants,https://www.instagram.com/p/cbq-yggjzkj/,,https://twitter.com/themastersre,https://www.youtube.com/channel/ucdhpyq9q0sjjp4fpl9rzd0g,,Facebook: https://www.facebook.com/lahorelandsrealestateconsultants | Instagram: https://www.instagram.com/p/cbq-yggjzkj/ | Twitter: https://twitter.com/themastersre | YouTube: https://www.youtube.com/channel/ucdhpyq9q0sjjp4fpl9rzd0g,100,Hot,Google Maps,84.6%
Gone,"C-116 3rd Floor, Broadway, D.H.A. Commercial Broadway DHA Phase 8, Lahore, 54000, Pakistan", 318 6666444,info@gone.pk,https://www.gone.pk/,Real estate agency,4.9,,,https://www.facebook.com/lahorelandsrealestateconsultants,https://www.instagram.com/p/cbq-yggjzkj/,,,,,Facebook: https://www.facebook.com/lahorelandsrealestateconsultants | Instagram: https://www.instagram.com/p/cbq-yggjzkj/,100,Hot,Google Maps,69.2%
Wasayenterprises Builders & Realestate,"Commercial street commercial, 298 Commercial lane Q block, Sector Q DHA Phase 2, Lahore, 54600, Pakistan", 322 2555333,Info@rsmdevelopers.com,https://rsmdevelopers.com/,Real estate developer,4.9,,,https://www.facebook.com/lahorelandsrealestateconsultants,https://www.instagram.com/p/cbq-yggjzkj/,https://www.linkedin.com/company/rsm-home-developers/,,https://www.youtube.com/@rsmhomedevelopers/,,Facebook: https://www.facebook.com/lahorelandsrealestateconsultants | Instagram: https://www.instagram.com/p/cbq-yggjzkj/ | LinkedIn: https://www.linkedin.com/company/rsm-home-developers/ | YouTube: https://www.youtube.com/@rsmhomedevelopers/,100,Hot,Google Maps,84.6%
Al Kareem Developers,"SectorShop #10c, Sector W DHA Phase 8, Lahore, 54000, Pakistan", 323 9948660,,https://www.facebook.com/alkareemdeveloper1/,Real estate consultant,4.9,,,https://www.facebook.com/lahorelandsrealestateconsultants,https://www.instagram.com/p/cbq-yggjzkj/,,,,,Facebook: https://www.facebook.com/lahorelandsrealestateconsultants | Instagram: https://www.instagram.com/p/cbq-yggjzkj/,84,Hot,Google Maps,61.5%
MRT Estate Buliders | Lahore Defence Property | Plot-House for sale DHA | Real Estate Agency,"65 H DHA Phase 1, \ Commercial First Floor H Block, Lahore, 54000, Pakistan", 303 0379000,,https://www.lahoredefenceproperty.com/,Real estate agent,4.9,,,https://www.facebook.com/lahorelandsrealestateconsultants,https://www.instagram.com/p/cbq-yggjzkj/,,,,,Facebook: https://www.facebook.com/lahorelandsrealestateconsultants | Instagram: https://www.instagram.com/p/cbq-yggjzkj/,84,Hot,Google Maps,61.5%
Al Muqeet Estate and Builders,"J, 211 Main Blvd, DHA Phase 6, Lahore, 54000, Pakistan", 300 4334661,contact@homez.pk,https://www.homez.pk/,Real estate agency,4.9,,,https://www.facebook.com/lahorelandsrealestateconsultants,https://www.instagram.com/p/cbq-yggjzkj/,,,,,Facebook: https://www.facebook.com/lahorelandsrealestateconsultants | Instagram: https://www.instagram.com/p/cbq-yggjzkj/,100,Hot,Google Maps,69.2%
Gm Estate & Builders,"Street 6, Sector B DHA Phase 6, Lahore, Pakistan", 321 1918193,,https://www.instagram.com/p/CBq-ygGJzKJ/?utm_medium=copy_link,Real estate developer,4.9,,,https://www.facebook.com/lahorelandsrealestateconsultants,https://www.instagram.com/p/cbq-yggjzkj/,,,,,Facebook: https://www.facebook.com/lahorelandsrealestateconsultants | Instagram: https://www.instagram.com/p/cbq-yggjzkj/,84,Hot,Google Maps,61.5%
Estate 99 (PVT) Ltd.,"134-C, DHA Phase 8, Lahore, Pakistan", 321 8434737,info@elegantdha.com,https://elegantdha.com/,Industrial real estate agency,4.9,,,https://www.facebook.com/lahorelandsrealestateconsultants,https://www.instagram.com/p/cbq-yggjzkj/,https://www.linkedin.com/company/elegant-properties-dha/,,,,Facebook: https://www.facebook.com/lahorelandsrealestateconsultants | Instagram: https://www.instagram.com/p/cbq-yggjzkj/ | LinkedIn: https://www.linkedin.com/company/elegant-properties-dha/,100,Hot,Google Maps,76.9%
Al Jalil Developers Corporate Office DHA,"Building No. 3, Fairways Commercial, Defence Raya Golf Resort Sector M DHA Phase 6, Lahore, 44000, Pakistan",(100) 000-0014,info@stagheaddesigns.com,https://aljalildevelopers.com/,Real estate developer,4.9,,,https://www.facebook.com/lahorelandsrealestateconsultants,https://www.instagram.com/p/cbq-yggjzkj/,https://linkedin.com/collect/,https://twitter.com/al_developers,https://www.youtube.com/channel/ucax9qogukjkjzdlbskpo9ma,https://tiktok.com/i18n/pixel/static/identify_c4432507.js,Facebook: https://www.facebook.com/lahorelandsrealestateconsultants | Instagram: https://www.instagram.com/p/cbq-yggjzkj/ | LinkedIn: https://linkedin.com/collect/ | Twitter: https://twitter.com/al_developers | YouTube: https://www.youtube.com/channel/ucax9qogukjkjzdlbskpo9ma | TikTok: https://tiktok.com/i18n/pixel/static/identify_c4432507.js,100,Hot,Google Maps,100.0%
CASA.PK,"PH-8, 240-C Broadway Commercial, DHA, DHA Phase 8, Lahore, 54000, Pakistan", 322 4561111,info@elegantdha.com,https://elegantdha.com/,Real estate developer,4.9,,,https://www.facebook.com/lahorelandsrealestateconsultants,https://www.instagram.com/p/cbq-yggjzkj/,https://www.linkedin.com/company/elegant-properties-dha/,,,,Facebook: https://www.facebook.com/lahorelandsrealestateconsultants | Instagram: https://www.instagram.com/p/cbq-yggjzkj/ | LinkedIn: https://www.linkedin.com/company/elegant-properties-dha/,100,Hot,Google Maps,76.9%
Harum Estate | Builders,"Defence Estate Phase 1, Defence Estate. 37-G, Phase 1, D.H.A. Main Blvd، Lahore Pakistan, Pakistan، D.H.A. Main Boulevard, Sector H Dha Phase 1, Lahore, 54800, Pakistan", 321 4045556,info@elegantdha.com,https://elegantdha.com/,Real estate agency,4.9,,,https://www.facebook.com/lahorelandsrealestateconsultants,https://www.instagram.com/p/cbq-yggjzkj/,https://www.linkedin.com/company/elegant-properties-dha/,,,,Facebook: https://www.facebook.com/lahorelandsrealestateconsultants | Instagram: https://www.instagram.com/p/cbq-yggjzkj/ | LinkedIn: https://www.linkedin.com/company/elegant-properties-dha/,100,Hot,Google Maps,76.9%
Lahore DHA Real Estate,"plaza #64, DHA Phase 8 - Ex Air Avenue Block Q Defence, Lahore, 54000, Pakistan", 314 6017991,Contact@lahoredha.pk,https://lahoredha.pk/,Real estate agency,4.9,,,https://www.facebook.com/lahorelandsrealestateconsultants,https://www.instagram.com/p/cbq-yggjzkj/,,,,,Facebook: https://www.facebook.com/lahorelandsrealestateconsultants | Instagram: https://www.instagram.com/p/cbq-yggjzkj/,100,Hot,Google Maps,69.2%
Safra Developers ( Trusted Property Partner ),"Building 156, 3rd Flood, Main Boulevard, DHA PHASE 6 Sector J DHA Phase 6, Lahore, Pakistan", 307 7488877,,https://safra-developers.com/,Construction company,4.9,,,https://www.facebook.com/lahorelandsrealestateconsultants,https://www.instagram.com/p/cbq-yggjzkj/,,,,,Facebook: https://www.facebook.com/lahorelandsrealestateconsultants | Instagram: https://www.instagram.com/p/cbq-yggjzkj/,84,Hot,Google Maps,61.5%
Honest Group (Estate Developers),"CCA 1, 87, Sector C DHA Phase 6, Lahore, Pakistan", 300 3303102,info@elegantdha.com,https://elegantdha.com/,Real estate developer,4.9,,,https://www.facebook.com/lahorelandsrealestateconsultants,https://www.instagram.com/p/cbq-yggjzkj/,https://www.linkedin.com/company/elegant-properties-dha/,,,,Facebook: https://www.facebook.com/lahorelandsrealestateconsultants | Instagram: https://www.instagram.com/p/cbq-yggjzkj/ | LinkedIn: https://www.linkedin.com/company/elegant-properties-dha/,100,Hot,Google Maps,76.9%
HI Real Estate Developers,"Shop 21, Block A, Street 1 Commercial Area, Phase 1 Sector Y DHA Phase 3, Lahore, Pakistan",(100) 000-0014,info@elegantdha.com,https://elegantdha.com/,Real estate developer,4.9,,,https://www.facebook.com/lahorelandsrealestateconsultants,https://www.instagram.com/p/cbq-yggjzkj/,https://www.linkedin.com/company/elegant-properties-dha/,,,,Facebook: https://www.facebook.com/lahorelandsrealestateconsultants | Instagram: https://www.instagram.com/p/cbq-yggjzkj/ | LinkedIn: https://www.linkedin.com/company/elegant-properties-dha/,100,Hot,Google Maps,76.9%
Alhamra Estate Developers,"floor phase 1, F-41 Street 1, Sector A DHA Phase 3, Lahore, 54000, Pakistan", 321 8406008,info@elegantdha.com,https://elegantdha.com/,Real estate developer,4.9,,,https://www.facebook.com/lahorelandsrealestateconsultants,https://www.instagram.com/p/cbq-yggjzkj/,https://www.linkedin.com/company/elegant-properties-dha/,,,,Facebook: https://www.facebook.com/lahorelandsrealestateconsultants | Instagram: https://www.instagram.com/p/cbq-yggjzkj/ | LinkedIn: https://www.linkedin.com/company/elegant-properties-dha/,100,Hot,Google Maps,76.9%
Gorsi Property Solution,"16-C Broadway Commercial DHA Phase 8, Lahore, Pakistan", 300 8647155,info@elegantdha.com,https://elegantdha.com/,Real estate consultant,4.9,,,https://www.facebook.com/lahorelandsrealestateconsultants,https://www.instagram.com/p/cbq-yggjzkj/,https://www.linkedin.com/company/elegant-properties-dha/,,,,Facebook: https://www.facebook.com/lahorelandsrealestateconsultants | Instagram: https://www.instagram.com/p/cbq-yggjzkj/ | LinkedIn: https://www.linkedin.com/company/elegant-properties-dha/,100,Hot,Google Maps,76.9%
MS World Real Estate and Developers,"176-CCA, Ground Floor, Phase 6, DHA, Sector C DHA Phase 3, Lahore, 54792, Pakistan", 304 8888739,info@elegantdha.com,https://elegantdha.com/,Real estate consultant,4.9,,,https://www.facebook.com/lahorelandsrealestateconsultants,https://www.instagram.com/p/cbq-yggjzkj/,https://www.linkedin.com/company/elegant-properties-dha/,,,,Facebook: https://www.facebook.com/lahorelandsrealestateconsultants | Instagram: https://www.instagram.com/p/cbq-yggjzkj/ | LinkedIn: https://www.linkedin.com/company/elegant-properties-dha/,100,Hot,Google Maps,76.9%
Image Estate and Developers Pvt. Ltd.,"floor Y block, 114 Street 1, Sector Y DHA Phase 3, Lahore, Pakistan", 321 9460004,,https://web.facebook.com/imageestateglobal/?_rdc=1&_rdr,Real estate developer,4.9,,,https://www.facebook.com/lahorelandsrealestateconsultants,https://www.instagram.com/p/cbq-yggjzkj/,,,,,Facebook: https://www.facebook.com/lahorelandsrealestateconsultants | Instagram: https://www.instagram.com/p/cbq-yggjzkj/,84,Hot,Google Maps,61.5%
Bin Zia Properties | DHA Phase-6 | Lahore,"Office # 03, Floor # 03, Plaza # 44-A, Commercial Corner, Sector A DHA Phase 6, Lahore, 54000, Pakistan", 300 4068217,,https://www.binziaproperty.com/,Real estate developer,4.9,,,https://www.facebook.com/lahorelandsrealestateconsultants,https://www.instagram.com/p/cbq-yggjzkj/,,,,,Facebook: https://www.facebook.com/lahorelandsrealestateconsultants | Instagram: https://www.instagram.com/p/cbq-yggjzkj/,84,Hot,Google Maps,61.5%
Zaitton City - DHA Office,"120-D, Broadway Commercial, Sector T DHA Phase 8, Lahore, 54000, Pakistan", 300 8888818,info@elegantdha.com,https://elegantdha.com/,Real estate developer,4.9,,,https://www.facebook.com/lahorelandsrealestateconsultants,https://www.instagram.com/p/cbq-yggjzkj/,https://www.linkedin.com/company/elegant-properties-dha/,,,,Facebook: https://www.facebook.com/lahorelandsrealestateconsultants | Instagram: https://www.instagram.com/p/cbq-yggjzkj/ | LinkedIn: https://www.linkedin.com/company/elegant-properties-dha/,100,Hot,Google Maps,76.9%
Luxurious Builders & Developers - DHA phase 6,"B, Plaza No 29MB, near chughtai medical center, Sector Lahore, 54792, Pakistan",0421111228,,https://lbd.com.pk/,Real estate developer,4.9,,,https://www.facebook.com/lahorelandsrealestateconsultants,https://www.instagram.com/p/cbq-yggjzkj/,,,,,Facebook: https://www.facebook.com/lahorelandsrealestateconsultants | Instagram: https://www.instagram.com/p/cbq-yggjzkj/,84,Hot,Google Maps,61.5%
Green Valley Real Estate And Developers,"First Floor, MB Plaza, 264, DHA Phase 6, 54792, Pakistan",(100) 000-0014,info@elegantdha.com,https://elegantdha.com/,Real estate consultant,4.9,,,https://www.facebook.com/lahorelandsrealestateconsultants,https://www.instagram.com/p/cbq-yggjzkj/,https://www.linkedin.com/company/elegant-properties-dha/,,,,Facebook: https://www.facebook.com/lahorelandsrealestateconsultants | Instagram: https://www.instagram.com/p/cbq-yggjzkj/ | LinkedIn: https://www.linkedin.com/company/elegant-properties-dha/,100,Hot,Google Maps,76.9%
Safari Garden Corporate Office,"140/1-C, Commercial Broadway, Phase 8, Lahore, 54750, Pakistan",0421119991,info@safarigarden.pk,https://safarigarden.pk/,Real estate developer,4.9,,,https://www.facebook.com/lahorelandsrealestateconsultants,https://www.instagram.com/p/cbq-yggjzkj/,https://www.linkedin.com/company/safari-garden-housing-scheme-official/,,https://www.youtube.com/s/player/89e685a2/www-widgetapi.vflset/www-widgetapi.js,,Facebook: https://www.facebook.com/lahorelandsrealestateconsultants | Instagram: https://www.instagram.com/p/cbq-yggjzkj/ | LinkedIn: https://www.linkedin.com/company/safari-garden-housing-scheme-official/ | YouTube: https://www.youtube.com/s/player/89e685a2/www-widgetapi.vflset/www-widgetapi.js,100,Hot,Google Maps,84.6%
AKT ESTATE & BUILDERS,"1st Floor 246 C Commercial Broadway DHA Phase 8, Lahore, 54000, Pakistan", 304 1112258,,https://aktestate.com/,Real estate agency,4.9,,,https://www.facebook.com/lahorelandsrealestateconsultants,https://www.instagram.com/p/cbq-yggjzkj/,,,,,Facebook: https://www.facebook.com/lahorelandsrealestateconsultants | Instagram: https://www.instagram.com/p/cbq-yggjzkj/,84,Hot,Google Maps,61.5%
Maqsood Developers,"156 B Broadway Commercial, B, DHA Phase 8, Lahore, 54940, Pakistan",0421115622,,https://www.maqsooddevelopers.com/,Real estate developer,4.9,,,https://www.facebook.com/lahorelandsrealestateconsultants,https://www.instagram.com/p/cbq-yggjzkj/,,,,,Facebook: https://www.facebook.com/lahorelandsrealestateconsultants | Instagram: https://www.instagram.com/p/cbq-yggjzkj/,84,Hot,Google Maps,61.5%
Vanguard Properties Pvt Ltd,"Plaza Number: 19, U, DHA Phase 8, Lahore, 54940, Pakistan", 327 7711177,,https://www.vanguardbahrain.co/,Real estate consultant,4.9,,,https://www.facebook.com/lahorelandsrealestateconsultants,https://www.instagram.com/p/cbq-yggjzkj/,,,,,Facebook: https://www.facebook.com/lahorelandsrealestateconsultants | Instagram: https://www.instagram.com/p/cbq-yggjzkj/,84,Hot,Google Maps,61.5%
Nest Properties Realtors & Builders,"Plaza 68 CCA, Sector T DHA Phase 8, Lahore, Pakistan", 336 6806343,info@nestproperties.pk,https://nestproperties.pk/,Construction company,4.9,,,https://www.facebook.com/lahorelandsrealestateconsultants,https://www.instagram.com/p/cbq-yggjzkj/,,,https://www.youtube.com/channel/ucxmgerfasi8pnnzshdxnewg,,Facebook: https://www.facebook.com/lahorelandsrealestateconsultants | Instagram: https://www.instagram.com/p/cbq-yggjzkj/ | YouTube: https://www.youtube.com/channel/ucxmgerfasi8pnnzshdxnewg,100,Hot,Google Maps,76.9%
Rehman Arcade,"FCG7+HWF, Alfalah Town Cantt., Right, Mian Safdar Ashraf Rd, next to DHA Phase V, near LUMS, Punjab Small Industries Cooperative Housing Society Phase 1 Cantt View Housing Scheme, Lahore, 54400, Pakistan", 300 4438387,Rehman_garden@hotmail.com,https://www.rehmanarcade.com/,Real estate developer,4.9,,,https://www.facebook.com/lahorelandsrealestateconsultants,https://www.instagram.com/p/cbq-yggjzkj/,,,https://www.youtube.com/watch,,Facebook: https://www.facebook.com/lahorelandsrealestateconsultants | Instagram: https://www.instagram.com/p/cbq-yggjzkj/ | YouTube: https://www.youtube.com/watch,100,Hot,Google Maps,76.9%
Zee Concepts Pvt Ltd,"183/1 Broadway commercial DHA Phase 8, B, DHA, Lahore, 54000, Pakistan", 331 7781111,,https://www.zeeconcepts.com.pk/,Industrial real estate agency,4.9,,,https://www.facebook.com/lahorelandsrealestateconsultants,https://www.instagram.com/p/cbq-yggjzkj/,,,,,Facebook: https://www.facebook.com/lahorelandsrealestateconsultants | Instagram: https://www.instagram.com/p/cbq-yggjzkj/,84,Hot,Google Maps,61.5%
Princeton Group of Companies,"55 Fairways, Defence Raya, DHA phase 6, Lahore, 54000, Pakistan", 311 9999955,info@elegantdha.com,https://elegantdha.com/,Real estate developer,4.9,,,https://www.facebook.com/lahorelandsrealestateconsultants,https://www.instagram.com/p/cbq-yggjzkj/,https://www.linkedin.com/company/elegant-properties-dha/,,,,Facebook: https://www.facebook.com/lahorelandsrealestateconsultants | Instagram: https://www.instagram.com/p/cbq-yggjzkj/ | LinkedIn: https://www.linkedin.com/company/elegant-properties-dha/,100,Hot,Google Maps,76.9%
Muhammadi Estate,"185/3 MB, DHA Phase 6, Lahore, 54792, Pakistan", 300 8499290,,https://muhammadiestate.com/,Real estate developer,4.9,,,https://www.facebook.com/lahorelandsrealestateconsultants,https://www.instagram.com/p/cbq-yggjzkj/,,,,,Facebook: https://www.facebook.com/lahorelandsrealestateconsultants | Instagram: https://www.instagram.com/p/cbq-yggjzkj/,84,Hot,Google Maps,61.5%
Shahab Awan Realtor,"348-MB Near Allied Bank Phase 6 DHA Lahore., Shabbir Sharif Rd, Service Road, Lahore, 54000, Pakistan", 322 8078773,info@elegantdha.com,https://elegantdha.com/,Real estate developer,4.9,,,https://www.facebook.com/lahorelandsrealestateconsultants,https://www.instagram.com/p/cbq-yggjzkj/,https://www.linkedin.com/company/elegant-properties-dha/,,,,Facebook: https://www.facebook.com/lahorelandsrealestateconsultants | Instagram: https://www.instagram.com/p/cbq-yggjzkj/ | LinkedIn: https://www.linkedin.com/company/elegant-properties-dha/,100,Hot,Google Maps,76.9%
Green Future Properties | Real Estate Company in Pakistan,"148 B, Commercial Broadway DHA Phase 8, Lahore, 54940, Pakistan", 311 1444313,info@elegantdha.com,https://elegantdha.com/,Commercial real estate agency,4.9,,,https://www.facebook.com/lahorelandsrealestateconsultants,https://www.instagram.com/p/cbq-yggjzkj/,https://www.linkedin.com/company/elegant-properties-dha/,,,,Facebook: https://www.facebook.com/lahorelandsrealestateconsultants | Instagram: https://www.instagram.com/p/cbq-yggjzkj/ | LinkedIn: https://www.linkedin.com/company/elegant-properties-dha/,100,Hot,Google Maps,76.9%
Al Maidah real estate & builders,"235, MB Sector J DHA Phase 6, Lahore, Pakistan", 325 4243242,info@elegantdha.com,https://elegantdha.com/,Real estate consultant,4.9,,,https://www.facebook.com/lahorelandsrealestateconsultants,https://www.instagram.com/p/cbq-yggjzkj/,https://www.linkedin.com/company/elegant-properties-dha/,,,,Facebook: https://www.facebook.com/lahorelandsrealestateconsultants | Instagram: https://www.instagram.com/p/cbq-yggjzkj/ | LinkedIn: https://www.linkedin.com/company/elegant-properties-dha/,100,Hot,Google Maps,76.9%
Sns Real Esyate & Builders,"55 k Commercial lane Q block, Sector Q DHA Phase 2, Lahore, 54000, Pakistan", 333 4561615,info@elegantdha.com,https://elegantdha.com/,Real estate developer,4.9,,,https://www.facebook.com/lahorelandsrealestateconsultants,https://www.instagram.com/p/cbq-yggjzkj/,https://www.linkedin.com/company/elegant-properties-dha/,,,,Facebook: https://www.facebook.com/lahorelandsrealestateconsultants | Instagram: https://www.instagram.com/p/cbq-yggjzkj/ | LinkedIn: https://www.linkedin.com/company/elegant-properties-dha/,100,Hot,Google Maps,76.9%
HS Marketing (Pvt)Ltd,"Ground Floor 50-C Commercial Broadway, DHA Phase 8, Lahore, 54792, Pakistan", 301 2222201,,http://www.hsmarketing.pk/,Real estate agency,4.9,,,https://www.facebook.com/lahorelandsrealestateconsultants,https://www.instagram.com/p/cbq-yggjzkj/,,,,,Facebook: https://www.facebook.com/lahorelandsrealestateconsultants | Instagram: https://www.instagram.com/p/cbq-yggjzkj/,84,Hot,Google Maps,61.5%
King Properties And Builders,"Office # 23, 4th Floor, Main Blvd, Sector B DHA Phase 6, Lahore, 54000, Pakistan", 300 6852389,info@kingproperties.pk,http://www.kingproperties.pk/,Real estate consultant,4.9,,,https://www.facebook.com/lahorelandsrealestateconsultants,https://www.instagram.com/p/cbq-yggjzkj/,,,https://youtube.com/@kingproperties,,Facebook: https://www.facebook.com/lahorelandsrealestateconsultants | Instagram: https://www.instagram.com/p/cbq-yggjzkj/ | YouTube: https://youtube.com/@kingproperties,100,Hot,Google Maps,76.9%
Abdullah Sons Real Estate & Builders,"40-A Commercial, DHA Phase 6, Lahore, 54000, Pakistan", 305 4447452,info@elegantdha.com,https://elegantdha.com/,Real estate consultant,4.9,,,https://www.facebook.com/lahorelandsrealestateconsultants,https://www.instagram.com/p/cbq-yggjzkj/,https://www.linkedin.com/company/elegant-properties-dha/,,,,Facebook: https://www.facebook.com/lahorelandsrealestateconsultants | Instagram: https://www.instagram.com/p/cbq-yggjzkj/ | LinkedIn: https://www.linkedin.com/company/elegant-properties-dha/,100,Hot,Google Maps,76.9%
Universal Property Network,"43-D, Broadway Commercial, DHA Phase 8, Lahore, 54792, Pakistan", 335 5578622,rolling@2x.gif,https://www.ourupn.com/,Real estate agency,4.9,,,https://www.facebook.com/lahorelandsrealestateconsultants,https://www.instagram.com/p/cbq-yggjzkj/,https://www.linkedin.com/company/universal-property-network,https://twitter.com/ourupn,https://www.youtube.com/channel/ucockqmijw1vlusfcczdc90a,,Facebook: https://www.facebook.com/lahorelandsrealestateconsultants | Instagram: https://www.instagram.com/p/cbq-yggjzkj/ | LinkedIn: https://www.linkedin.com/company/universal-property-network | Twitter: https://twitter.com/ourupn | YouTube: https://www.youtube.com/channel/ucockqmijw1vlusfcczdc90a,100,Hot,Google Maps,92.3%
JR Property,"209/C C, Commercial Broadway DHA Phase 8, Lahore, 54000, Pakistan", 321 8437272,info@jrproperty.pk,https://jrproperty.pk/,Property management company,4.9,,,https://www.facebook.com/lahorelandsrealestateconsultants,https://www.instagram.com/p/cbq-yggjzkj/,https://www.linkedin.com/company/86798847/admin/feed/posts/,https://twitter.com/jrproperty_pk,https://www.youtube.com/@jrproperty3994/videos,,Facebook: https://www.facebook.com/lahorelandsrealestateconsultants | Instagram: https://www.instagram.com/p/cbq-yggjzkj/ | LinkedIn: https://www.linkedin.com/company/86798847/admin/feed/posts/ | Twitter: https://twitter.com/jrproperty_pk | YouTube: https://www.youtube.com/@jrproperty3994/videos,100,Hot,Google Maps,92.3%
GHANI ESTATES,"GHANI ESTATES, 74/1-D, Phase 8 DHA Commercial Broadway, Lahore, Pakistan", 300 4155602,,http://www.ghaniestate.com/,Real estate developer,4.9,,,https://www.facebook.com/lahorelandsrealestateconsultants,https://www.instagram.com/p/cbq-yggjzkj/,,,,,Facebook: https://www.facebook.com/lahorelandsrealestateconsultants | Instagram: https://www.instagram.com/p/cbq-yggjzkj/,84,Hot,Google Maps,61.5%
Al-Mazhar Developers,"FFG9+9X, Defence Raya Golf Resort Sector M DHA Phase 6, Lahore, Pakistan", 300 1004005,info@elegantdha.com,https://elegantdha.com/,Real estate developer,4.9,,,https://www.facebook.com/lahorelandsrealestateconsultants,https://www.instagram.com/p/cbq-yggjzkj/,https://www.linkedin.com/company/elegant-properties-dha/,,,,Facebook: https://www.facebook.com/lahorelandsrealestateconsultants | Instagram: https://www.instagram.com/p/cbq-yggjzkj/ | LinkedIn: https://www.linkedin.com/company/elegant-properties-dha/,100,Hot,Google Maps,76.9%
Maymar Developers | DHA & Bahria Town Lahore,"281-Q Commercial St, Sector Q DHA Phase 2, Q, 54820, Pakistan", 307 4573488,info@elegantdha.com,https://elegantdha.com/,Real estate consultant,4.9,,,https://www.facebook.com/lahorelandsrealestateconsultants,https://www.instagram.com/p/cbq-yggjzkj/,https://www.linkedin.com/company/elegant-properties-dha/,,,,Facebook: https://www.facebook.com/lahorelandsrealestateconsultants | Instagram: https://www.instagram.com/p/cbq-yggjzkj/ | LinkedIn: https://www.linkedin.com/company/elegant-properties-dha/,100,Hot,Google Maps,76.9%
Duraj Developers,"Plot C, 100, Sector C DHA Phase 6, Lahore, Pakistan", 300 6590861,info@elegantdha.com,https://elegantdha.com/,Real estate developer,4.9,,,https://www.facebook.com/lahorelandsrealestateconsultants,https://www.instagram.com/p/cbq-yggjzkj/,https://www.linkedin.com/company/elegant-properties-dha/,,,,Facebook: https://www.facebook.com/lahorelandsrealestateconsultants | Instagram: https://www.instagram.com/p/cbq-yggjzkj/ | LinkedIn: https://www.linkedin.com/company/elegant-properties-dha/,100,Hot,Google Maps,76.9%
Head Office Soul City (Project by Marwa Developers),"Sector C 31 CCA DHA Phase 6, Lahore, Pakistan",0421117685,info@soulcity.com.pk,http://www.soulcity.com.pk/,Real estate developer,4.9,,,https://www.facebook.com/lahorelandsrealestateconsultants,https://www.instagram.com/p/cbq-yggjzkj/,https://www.linkedin.com/company/soulcity-lahore/,https://twitter.com/soulcitylhr,https://www.youtube.com/@soulcitylahoreofficial,,Facebook: https://www.facebook.com/lahorelandsrealestateconsultants | Instagram: https://www.instagram.com/p/cbq-yggjzkj/ | LinkedIn: https://www.linkedin.com/company/soulcity-lahore/ | Twitter: https://twitter.com/soulcitylhr | YouTube: https://www.youtube.com/@soulcitylahoreofficial,100,Hot,Google Maps,92.3%
PLOT MASTERS Real Estate and Builders,"26 L, DHA Phase 6, Lahore, Pakistan", 321 4299889,info@elegantdha.com,https://elegantdha.com/,Real estate developer,4.9,,,https://www.facebook.com/lahorelandsrealestateconsultants,https://www.instagram.com/p/cbq-yggjzkj/,https://www.linkedin.com/company/elegant-properties-dha/,,,,Facebook: https://www.facebook.com/lahorelandsrealestateconsultants | Instagram: https://www.instagram.com/p/cbq-yggjzkj/ | LinkedIn: https://www.linkedin.com/company/elegant-properties-dha/,100,Hot,Google Maps,76.9%
Tameer Real Estate Consultants & Builders,"289 MB, 4th Floor، Phase 6 Defence Housing Authority, Lahore, 54000, Pakistan", 300 4909245,,https://www.facebook.com/tameerestatebuilders/,Real estate consultant,4.9,,,https://www.facebook.com/lahorelandsrealestateconsultants,https://www.instagram.com/p/cbq-yggjzkj/,,,,,Facebook: https://www.facebook.com/lahorelandsrealestateconsultants | Instagram: https://www.instagram.com/p/cbq-yggjzkj/,84,Hot,Google Maps,61.5%
Abbasi Developers,"113-MB, Main Blvd, Sector J DHA Phase 6, Lahore, 54000, Pakistan", 300 0042042,info@abbasidevelopers.com,http://www.abbasidevelopers.com/,Construction company,4.9,,,https://www.facebook.com/lahorelandsrealestateconsultants,https://www.instagram.com/p/cbq-yggjzkj/,,,https://www.youtube.com/@abbasidevelopers,,Facebook: https://www.facebook.com/lahorelandsrealestateconsultants | Instagram: https://www.instagram.com/p/cbq-yggjzkj/ | YouTube: https://www.youtube.com/@abbasidevelopers,100,Hot,Google Maps,76.9%
RAJPUT ESTATE,"356 MB Ground floor Phase 6C, Sector B DHA Phase 3, Lahore, 54792, Pakistan", 321 4012400,info@elegantdha.com,https://elegantdha.com/,Real estate developer,4.9,,,https://www.facebook.com/lahorelandsrealestateconsultants,https://www.instagram.com/p/cbq-yggjzkj/,https://www.linkedin.com/company/elegant-properties-dha/,,,,Facebook: https://www.facebook.com/lahorelandsrealestateconsultants | Instagram: https://www.instagram.com/p/cbq-yggjzkj/ | LinkedIn: https://www.linkedin.com/company/elegant-properties-dha/,100,Hot,Google Maps,76.9%
Banu Ikram Developers.,"111 Fairways Commercial, Defence Raya Golf Resort DHA Phase 6, Lahore, 54000, Pakistan", 300 0840000,,http://banuikram.pk/,Real estate developer,4.9,,,https://www.facebook.com/lahorelandsrealestateconsultants,https://www.instagram.com/p/cbq-yggjzkj/,,,,,Facebook: https://www.facebook.com/lahorelandsrealestateconsultants | Instagram: https://www.instagram.com/p/cbq-yggjzkj/,84,Hot,Google Maps,61.5%
URBAN CITY LAHORE (BOOKING OFFICE) AUTHORIZED SALE PARTNER,"Sector C DHA Phase 8, Lahore, Pakistan", 322 4952158,info@elegantdha.com,https://elegantdha.com/,Property investment company,4.9,,,https://www.facebook.com/lahorelandsrealestateconsultants,https://www.instagram.com/p/cbq-yggjzkj/,https://www.linkedin.com/company/elegant-properties-dha/,,,,Facebook: https://www.facebook.com/lahorelandsrealestateconsultants | Instagram: https://www.instagram.com/p/cbq-yggjzkj/ | LinkedIn: https://www.linkedin.com/company/elegant-properties-dha/,100,Hot,Google Maps,76.9%
Defence Developers,"4th Floor, 62-A Commercial, Sector A DHA Phase 6, Lahore, 54810, Pakistan", 321 8485755,info@elegantdha.com,https://elegantdha.com/,Real estate consultant,4.9,,,https://www.facebook.com/lahorelandsrealestateconsultants,https://www.instagram.com/p/cbq-yggjzkj/,https://www.linkedin.com/company/elegant-properties-dha/,,,,Facebook: https://www.facebook.com/lahorelandsrealestateconsultants | Instagram: https://www.instagram.com/p/cbq-yggjzkj/ | LinkedIn: https://www.linkedin.com/company/elegant-properties-dha/,100,Hot,Google Maps,76.9%
Imza Marketing,"176-D Broadway Commercial, D.H.A. Commercial Broadway DHA Phase 8, Lahore, Pakistan", 321 9498666,,https://imzamarketing.com/,Real estate agency,4.9,,"
Closed · Opens 9 AM Tue
See more hours
",https://www.facebook.com/lahorelandsrealestateconsultants,https://www.instagram.com/p/cbq-yggjzkj/,,,,,Facebook: https://www.facebook.com/lahorelandsrealestateconsultants | Instagram: https://www.instagram.com/p/cbq-yggjzkj/,84,Hot,Google Maps,61.5%
